from,to,company,title
2015/33,2015/33,galanz,#Big Sale!! (50%)
2015/33,2015/33,haier,#The National Day of the People's Republic of China Promotion
2015/33,2015/33,haier,#The National Day of the People's Republic of China Promotion
2015/33,2015/33,lg,China Sale!!
2015/33,2015/33,sanyo,30% Discount Promotion
2015/33,2015/33,siemens,The National Day Promotion
2015/34,2015/34,galanz,#Big Discount - 50%!!
2015/35,2015/35,haier,Early bird Big sale!
2015/36,2015/36,haier,Promotion-1
2015/36,2015/36,sanyo,Promotion-2
2015/36,2015/36,siemens,Promotion-3
2015/36,2015/36,lg,Promotion-4
2015/38,2015/40,hisense,Promotion-5
2015/38,2015/44,lg,Promotion-6
2015/39,2015/39,siemens,Promotion-7
2015/40,2015/40,haier,Promotion-8
2015/40,2015/40,siemens,Promotion-9
2015/40,2015/40,galanz,Promotion-10
2015/40,2015/40,sanyo,Promotion-11
2015/41,2015/44,haier,#Twin 11 Promotion
2015/41,2015/44,siemens,#Twin 11 Promotion 
2015/41,2015/44,galanz,#Twin 11 Promotion
2015/41,2015/44,sanyo,#Twin 11 Promotion
2015/42,2015/42,haier,Promotion-12
2015/43,2015/43,galanz,Promotion-13
2015/43,2015/43,siemens,Promotion-14
2015/44,2015/44,siemens,Promotion-15
