weeknum,company,product,media_num,media_name,neg_pos,count
2015/31,galanz,bolun,0,wiki,neg,0
2015/31,galanz,bolun,0,wiki,pos,0
2015/31,galanz,bolun,1,news,neg,0
2015/31,galanz,bolun,1,news,pos,0
2015/31,galanz,bolun,2,blog,neg,0
2015/31,galanz,bolun,2,blog,pos,0
2015/31,galanz,bolun,5,community,neg,0
2015/31,galanz,bolun,5,community,pos,0
2015/31,galanz,bolun,7,bbs,neg,0
2015/31,galanz,bolun,7,bbs,pos,0
2015/31,galanz,bolun,9,weibo,neg,0
2015/31,galanz,bolun,9,weibo,pos,0
2015/31,galanz,bolun,z,others,neg,0
2015/31,galanz,bolun,z,others,pos,0
2015/31,galanz,drum,0,wiki,neg,0
2015/31,galanz,drum,0,wiki,pos,0
2015/31,galanz,drum,1,news,neg,0
2015/31,galanz,drum,1,news,pos,0
2015/31,galanz,drum,2,blog,neg,0
2015/31,galanz,drum,2,blog,pos,0
2015/31,galanz,drum,5,community,neg,0
2015/31,galanz,drum,5,community,pos,0
2015/31,galanz,drum,7,bbs,neg,0
2015/31,galanz,drum,7,bbs,pos,0
2015/31,galanz,drum,9,weibo,neg,0
2015/31,galanz,drum,9,weibo,pos,0
2015/31,galanz,drum,z,others,neg,0
2015/31,galanz,drum,z,others,pos,0
2015/31,haier,bolun,0,wiki,neg,2
2015/31,haier,bolun,0,wiki,pos,0
2015/31,haier,bolun,1,news,neg,0
2015/31,haier,bolun,1,news,pos,0
2015/31,haier,bolun,2,blog,neg,0
2015/31,haier,bolun,2,blog,pos,0
2015/31,haier,bolun,5,community,neg,0
2015/31,haier,bolun,5,community,pos,0
2015/31,haier,bolun,7,bbs,neg,4
2015/31,haier,bolun,7,bbs,pos,0
2015/31,haier,bolun,9,weibo,neg,1
2015/31,haier,bolun,9,weibo,pos,0
2015/31,haier,bolun,z,others,neg,0
2015/31,haier,bolun,z,others,pos,0
2015/31,haier,drum,0,wiki,neg,9
2015/31,haier,drum,0,wiki,pos,0
2015/31,haier,drum,1,news,neg,0
2015/31,haier,drum,1,news,pos,4
2015/31,haier,drum,2,blog,neg,0
2015/31,haier,drum,2,blog,pos,0
2015/31,haier,drum,5,community,neg,0
2015/31,haier,drum,5,community,pos,0
2015/31,haier,drum,7,bbs,neg,1
2015/31,haier,drum,7,bbs,pos,2
2015/31,haier,drum,9,weibo,neg,0
2015/31,haier,drum,9,weibo,pos,1
2015/31,haier,drum,z,others,neg,0
2015/31,haier,drum,z,others,pos,0
2015/31,hisense,bolun,0,wiki,neg,0
2015/31,hisense,bolun,0,wiki,pos,0
2015/31,hisense,bolun,1,news,neg,0
2015/31,hisense,bolun,1,news,pos,0
2015/31,hisense,bolun,2,blog,neg,0
2015/31,hisense,bolun,2,blog,pos,0
2015/31,hisense,bolun,5,community,neg,0
2015/31,hisense,bolun,5,community,pos,0
2015/31,hisense,bolun,7,bbs,neg,0
2015/31,hisense,bolun,7,bbs,pos,0
2015/31,hisense,bolun,9,weibo,neg,0
2015/31,hisense,bolun,9,weibo,pos,0
2015/31,hisense,bolun,z,others,neg,0
2015/31,hisense,bolun,z,others,pos,0
2015/31,hisense,drum,0,wiki,neg,3
2015/31,hisense,drum,0,wiki,pos,0
2015/31,hisense,drum,1,news,neg,0
2015/31,hisense,drum,1,news,pos,0
2015/31,hisense,drum,2,blog,neg,0
2015/31,hisense,drum,2,blog,pos,0
2015/31,hisense,drum,5,community,neg,0
2015/31,hisense,drum,5,community,pos,0
2015/31,hisense,drum,7,bbs,neg,1
2015/31,hisense,drum,7,bbs,pos,0
2015/31,hisense,drum,9,weibo,neg,0
2015/31,hisense,drum,9,weibo,pos,0
2015/31,hisense,drum,z,others,neg,0
2015/31,hisense,drum,z,others,pos,0
2015/31,lg,bolun,0,wiki,neg,0
2015/31,lg,bolun,0,wiki,pos,0
2015/31,lg,bolun,1,news,neg,0
2015/31,lg,bolun,1,news,pos,0
2015/31,lg,bolun,2,blog,neg,0
2015/31,lg,bolun,2,blog,pos,0
2015/31,lg,bolun,5,community,neg,0
2015/31,lg,bolun,5,community,pos,0
2015/31,lg,bolun,7,bbs,neg,0
2015/31,lg,bolun,7,bbs,pos,0
2015/31,lg,bolun,9,weibo,neg,0
2015/31,lg,bolun,9,weibo,pos,0
2015/31,lg,bolun,z,others,neg,0
2015/31,lg,bolun,z,others,pos,0
2015/31,lg,drum,0,wiki,neg,0
2015/31,lg,drum,0,wiki,pos,7
2015/31,lg,drum,1,news,neg,1
2015/31,lg,drum,1,news,pos,0
2015/31,lg,drum,2,blog,neg,0
2015/31,lg,drum,2,blog,pos,0
2015/31,lg,drum,5,community,neg,0
2015/31,lg,drum,5,community,pos,0
2015/31,lg,drum,7,bbs,neg,0
2015/31,lg,drum,7,bbs,pos,0
2015/31,lg,drum,9,weibo,neg,0
2015/31,lg,drum,9,weibo,pos,0
2015/31,lg,drum,z,others,neg,0
2015/31,lg,drum,z,others,pos,0
2015/31,sanyo,bolun,0,wiki,neg,0
2015/31,sanyo,bolun,0,wiki,pos,0
2015/31,sanyo,bolun,1,news,neg,0
2015/31,sanyo,bolun,1,news,pos,0
2015/31,sanyo,bolun,2,blog,neg,0
2015/31,sanyo,bolun,2,blog,pos,0
2015/31,sanyo,bolun,5,community,neg,0
2015/31,sanyo,bolun,5,community,pos,0
2015/31,sanyo,bolun,7,bbs,neg,0
2015/31,sanyo,bolun,7,bbs,pos,0
2015/31,sanyo,bolun,9,weibo,neg,0
2015/31,sanyo,bolun,9,weibo,pos,0
2015/31,sanyo,bolun,z,others,neg,0
2015/31,sanyo,bolun,z,others,pos,0
2015/31,sanyo,drum,0,wiki,neg,13
2015/31,sanyo,drum,0,wiki,pos,0
2015/31,sanyo,drum,1,news,neg,0
2015/31,sanyo,drum,1,news,pos,1
2015/31,sanyo,drum,2,blog,neg,0
2015/31,sanyo,drum,2,blog,pos,0
2015/31,sanyo,drum,5,community,neg,1
2015/31,sanyo,drum,5,community,pos,0
2015/31,sanyo,drum,7,bbs,neg,0
2015/31,sanyo,drum,7,bbs,pos,0
2015/31,sanyo,drum,9,weibo,neg,0
2015/31,sanyo,drum,9,weibo,pos,0
2015/31,sanyo,drum,z,others,neg,0
2015/31,sanyo,drum,z,others,pos,0
2015/31,siemens,bolun,0,wiki,neg,0
2015/31,siemens,bolun,0,wiki,pos,0
2015/31,siemens,bolun,1,news,neg,0
2015/31,siemens,bolun,1,news,pos,0
2015/31,siemens,bolun,2,blog,neg,0
2015/31,siemens,bolun,2,blog,pos,0
2015/31,siemens,bolun,5,community,neg,0
2015/31,siemens,bolun,5,community,pos,0
2015/31,siemens,bolun,7,bbs,neg,0
2015/31,siemens,bolun,7,bbs,pos,0
2015/31,siemens,bolun,9,weibo,neg,0
2015/31,siemens,bolun,9,weibo,pos,0
2015/31,siemens,bolun,z,others,neg,0
2015/31,siemens,bolun,z,others,pos,0
2015/31,siemens,drum,0,wiki,neg,25
2015/31,siemens,drum,0,wiki,pos,1
2015/31,siemens,drum,1,news,neg,0
2015/31,siemens,drum,1,news,pos,0
2015/31,siemens,drum,2,blog,neg,0
2015/31,siemens,drum,2,blog,pos,0
2015/31,siemens,drum,5,community,neg,0
2015/31,siemens,drum,5,community,pos,0
2015/31,siemens,drum,7,bbs,neg,0
2015/31,siemens,drum,7,bbs,pos,1
2015/31,siemens,drum,9,weibo,neg,5
2015/31,siemens,drum,9,weibo,pos,1
2015/31,siemens,drum,z,others,neg,0
2015/31,siemens,drum,z,others,pos,0
2015/32,galanz,bolun,0,wiki,neg,0
2015/32,galanz,bolun,0,wiki,pos,0
2015/32,galanz,bolun,1,news,neg,0
2015/32,galanz,bolun,1,news,pos,0
2015/32,galanz,bolun,2,blog,neg,0
2015/32,galanz,bolun,2,blog,pos,0
2015/32,galanz,bolun,5,community,neg,0
2015/32,galanz,bolun,5,community,pos,0
2015/32,galanz,bolun,7,bbs,neg,0
2015/32,galanz,bolun,7,bbs,pos,0
2015/32,galanz,bolun,9,weibo,neg,0
2015/32,galanz,bolun,9,weibo,pos,0
2015/32,galanz,bolun,z,others,neg,0
2015/32,galanz,bolun,z,others,pos,0
2015/32,galanz,drum,0,wiki,neg,0
2015/32,galanz,drum,0,wiki,pos,0
2015/32,galanz,drum,1,news,neg,0
2015/32,galanz,drum,1,news,pos,1
2015/32,galanz,drum,2,blog,neg,0
2015/32,galanz,drum,2,blog,pos,0
2015/32,galanz,drum,5,community,neg,0
2015/32,galanz,drum,5,community,pos,0
2015/32,galanz,drum,7,bbs,neg,0
2015/32,galanz,drum,7,bbs,pos,0
2015/32,galanz,drum,9,weibo,neg,0
2015/32,galanz,drum,9,weibo,pos,0
2015/32,galanz,drum,z,others,neg,0
2015/32,galanz,drum,z,others,pos,0
2015/32,haier,bolun,0,wiki,neg,7
2015/32,haier,bolun,0,wiki,pos,0
2015/32,haier,bolun,1,news,neg,0
2015/32,haier,bolun,1,news,pos,10
2015/32,haier,bolun,2,blog,neg,0
2015/32,haier,bolun,2,blog,pos,0
2015/32,haier,bolun,5,community,neg,0
2015/32,haier,bolun,5,community,pos,0
2015/32,haier,bolun,7,bbs,neg,3
2015/32,haier,bolun,7,bbs,pos,2
2015/32,haier,bolun,9,weibo,neg,1
2015/32,haier,bolun,9,weibo,pos,0
2015/32,haier,bolun,z,others,neg,0
2015/32,haier,bolun,z,others,pos,0
2015/32,haier,drum,0,wiki,neg,33
2015/32,haier,drum,0,wiki,pos,0
2015/32,haier,drum,1,news,neg,1
2015/32,haier,drum,1,news,pos,16
2015/32,haier,drum,2,blog,neg,0
2015/32,haier,drum,2,blog,pos,0
2015/32,haier,drum,5,community,neg,0
2015/32,haier,drum,5,community,pos,0
2015/32,haier,drum,7,bbs,neg,4
2015/32,haier,drum,7,bbs,pos,6
2015/32,haier,drum,9,weibo,neg,0
2015/32,haier,drum,9,weibo,pos,0
2015/32,haier,drum,z,others,neg,0
2015/32,haier,drum,z,others,pos,1
2015/32,hisense,bolun,0,wiki,neg,2
2015/32,hisense,bolun,0,wiki,pos,0
2015/32,hisense,bolun,1,news,neg,0
2015/32,hisense,bolun,1,news,pos,0
2015/32,hisense,bolun,2,blog,neg,0
2015/32,hisense,bolun,2,blog,pos,0
2015/32,hisense,bolun,5,community,neg,0
2015/32,hisense,bolun,5,community,pos,0
2015/32,hisense,bolun,7,bbs,neg,0
2015/32,hisense,bolun,7,bbs,pos,1
2015/32,hisense,bolun,9,weibo,neg,0
2015/32,hisense,bolun,9,weibo,pos,0
2015/32,hisense,bolun,z,others,neg,0
2015/32,hisense,bolun,z,others,pos,0
2015/32,hisense,drum,0,wiki,neg,2
2015/32,hisense,drum,0,wiki,pos,0
2015/32,hisense,drum,1,news,neg,1
2015/32,hisense,drum,1,news,pos,2
2015/32,hisense,drum,2,blog,neg,0
2015/32,hisense,drum,2,blog,pos,0
2015/32,hisense,drum,5,community,neg,0
2015/32,hisense,drum,5,community,pos,0
2015/32,hisense,drum,7,bbs,neg,1
2015/32,hisense,drum,7,bbs,pos,0
2015/32,hisense,drum,9,weibo,neg,0
2015/32,hisense,drum,9,weibo,pos,0
2015/32,hisense,drum,z,others,neg,0
2015/32,hisense,drum,z,others,pos,0
2015/32,lg,bolun,0,wiki,neg,1
2015/32,lg,bolun,0,wiki,pos,0
2015/32,lg,bolun,1,news,neg,0
2015/32,lg,bolun,1,news,pos,1
2015/32,lg,bolun,2,blog,neg,0
2015/32,lg,bolun,2,blog,pos,0
2015/32,lg,bolun,5,community,neg,0
2015/32,lg,bolun,5,community,pos,0
2015/32,lg,bolun,7,bbs,neg,0
2015/32,lg,bolun,7,bbs,pos,0
2015/32,lg,bolun,9,weibo,neg,0
2015/32,lg,bolun,9,weibo,pos,0
2015/32,lg,bolun,z,others,neg,0
2015/32,lg,bolun,z,others,pos,0
2015/32,lg,drum,0,wiki,neg,0
2015/32,lg,drum,0,wiki,pos,26
2015/32,lg,drum,1,news,neg,8
2015/32,lg,drum,1,news,pos,0
2015/32,lg,drum,2,blog,neg,0
2015/32,lg,drum,2,blog,pos,0
2015/32,lg,drum,5,community,neg,0
2015/32,lg,drum,5,community,pos,0
2015/32,lg,drum,7,bbs,neg,0
2015/32,lg,drum,7,bbs,pos,4
2015/32,lg,drum,9,weibo,neg,0
2015/32,lg,drum,9,weibo,pos,2
2015/32,lg,drum,z,others,neg,0
2015/32,lg,drum,z,others,pos,0
2015/32,sanyo,bolun,0,wiki,neg,1
2015/32,sanyo,bolun,0,wiki,pos,0
2015/32,sanyo,bolun,1,news,neg,0
2015/32,sanyo,bolun,1,news,pos,0
2015/32,sanyo,bolun,2,blog,neg,0
2015/32,sanyo,bolun,2,blog,pos,0
2015/32,sanyo,bolun,5,community,neg,0
2015/32,sanyo,bolun,5,community,pos,0
2015/32,sanyo,bolun,7,bbs,neg,0
2015/32,sanyo,bolun,7,bbs,pos,0
2015/32,sanyo,bolun,9,weibo,neg,0
2015/32,sanyo,bolun,9,weibo,pos,0
2015/32,sanyo,bolun,z,others,neg,0
2015/32,sanyo,bolun,z,others,pos,0
2015/32,sanyo,drum,0,wiki,neg,35
2015/32,sanyo,drum,0,wiki,pos,1
2015/32,sanyo,drum,1,news,neg,1
2015/32,sanyo,drum,1,news,pos,20
2015/32,sanyo,drum,2,blog,neg,0
2015/32,sanyo,drum,2,blog,pos,0
2015/32,sanyo,drum,5,community,neg,0
2015/32,sanyo,drum,5,community,pos,0
2015/32,sanyo,drum,7,bbs,neg,0
2015/32,sanyo,drum,7,bbs,pos,1
2015/32,sanyo,drum,9,weibo,neg,0
2015/32,sanyo,drum,9,weibo,pos,0
2015/32,sanyo,drum,z,others,neg,0
2015/32,sanyo,drum,z,others,pos,1
2015/32,siemens,bolun,0,wiki,neg,0
2015/32,siemens,bolun,0,wiki,pos,0
2015/32,siemens,bolun,1,news,neg,0
2015/32,siemens,bolun,1,news,pos,0
2015/32,siemens,bolun,2,blog,neg,0
2015/32,siemens,bolun,2,blog,pos,0
2015/32,siemens,bolun,5,community,neg,0
2015/32,siemens,bolun,5,community,pos,0
2015/32,siemens,bolun,7,bbs,neg,0
2015/32,siemens,bolun,7,bbs,pos,0
2015/32,siemens,bolun,9,weibo,neg,1
2015/32,siemens,bolun,9,weibo,pos,0
2015/32,siemens,bolun,z,others,neg,0
2015/32,siemens,bolun,z,others,pos,0
2015/32,siemens,drum,0,wiki,neg,51
2015/32,siemens,drum,0,wiki,pos,0
2015/32,siemens,drum,1,news,neg,1
2015/32,siemens,drum,1,news,pos,6
2015/32,siemens,drum,2,blog,neg,0
2015/32,siemens,drum,2,blog,pos,0
2015/32,siemens,drum,5,community,neg,0
2015/32,siemens,drum,5,community,pos,0
2015/32,siemens,drum,7,bbs,neg,2
2015/32,siemens,drum,7,bbs,pos,2
2015/32,siemens,drum,9,weibo,neg,2
2015/32,siemens,drum,9,weibo,pos,0
2015/32,siemens,drum,z,others,neg,0
2015/32,siemens,drum,z,others,pos,0
2015/33,galanz,bolun,0,wiki,neg,0
2015/33,galanz,bolun,0,wiki,pos,0
2015/33,galanz,bolun,1,news,neg,0
2015/33,galanz,bolun,1,news,pos,1
2015/33,galanz,bolun,2,blog,neg,0
2015/33,galanz,bolun,2,blog,pos,0
2015/33,galanz,bolun,5,community,neg,0
2015/33,galanz,bolun,5,community,pos,0
2015/33,galanz,bolun,7,bbs,neg,0
2015/33,galanz,bolun,7,bbs,pos,0
2015/33,galanz,bolun,9,weibo,neg,0
2015/33,galanz,bolun,9,weibo,pos,0
2015/33,galanz,bolun,z,others,neg,0
2015/33,galanz,bolun,z,others,pos,0
2015/33,galanz,drum,0,wiki,neg,0
2015/33,galanz,drum,0,wiki,pos,0
2015/33,galanz,drum,1,news,neg,0
2015/33,galanz,drum,1,news,pos,3
2015/33,galanz,drum,2,blog,neg,0
2015/33,galanz,drum,2,blog,pos,0
2015/33,galanz,drum,5,community,neg,0
2015/33,galanz,drum,5,community,pos,0
2015/33,galanz,drum,7,bbs,neg,0
2015/33,galanz,drum,7,bbs,pos,0
2015/33,galanz,drum,9,weibo,neg,0
2015/33,galanz,drum,9,weibo,pos,0
2015/33,galanz,drum,z,others,neg,0
2015/33,galanz,drum,z,others,pos,0
2015/33,haier,bolun,0,wiki,neg,1
2015/33,haier,bolun,0,wiki,pos,1
2015/33,haier,bolun,1,news,neg,0
2015/33,haier,bolun,1,news,pos,24
2015/33,haier,bolun,2,blog,neg,0
2015/33,haier,bolun,2,blog,pos,0
2015/33,haier,bolun,5,community,neg,0
2015/33,haier,bolun,5,community,pos,0
2015/33,haier,bolun,7,bbs,neg,4
2015/33,haier,bolun,7,bbs,pos,1
2015/33,haier,bolun,9,weibo,neg,1
2015/33,haier,bolun,9,weibo,pos,0
2015/33,haier,bolun,z,others,neg,0
2015/33,haier,bolun,z,others,pos,0
2015/33,haier,drum,0,wiki,neg,19
2015/33,haier,drum,0,wiki,pos,1
2015/33,haier,drum,1,news,neg,3
2015/33,haier,drum,1,news,pos,31
2015/33,haier,drum,2,blog,neg,0
2015/33,haier,drum,2,blog,pos,1
2015/33,haier,drum,5,community,neg,0
2015/33,haier,drum,5,community,pos,0
2015/33,haier,drum,7,bbs,neg,8
2015/33,haier,drum,7,bbs,pos,2
2015/33,haier,drum,9,weibo,neg,3
2015/33,haier,drum,9,weibo,pos,0
2015/33,haier,drum,z,others,neg,0
2015/33,haier,drum,z,others,pos,1
2015/33,hisense,bolun,0,wiki,neg,0
2015/33,hisense,bolun,0,wiki,pos,0
2015/33,hisense,bolun,1,news,neg,0
2015/33,hisense,bolun,1,news,pos,0
2015/33,hisense,bolun,2,blog,neg,0
2015/33,hisense,bolun,2,blog,pos,0
2015/33,hisense,bolun,5,community,neg,0
2015/33,hisense,bolun,5,community,pos,0
2015/33,hisense,bolun,7,bbs,neg,0
2015/33,hisense,bolun,7,bbs,pos,0
2015/33,hisense,bolun,9,weibo,neg,0
2015/33,hisense,bolun,9,weibo,pos,0
2015/33,hisense,bolun,z,others,neg,0
2015/33,hisense,bolun,z,others,pos,0
2015/33,hisense,drum,0,wiki,neg,0
2015/33,hisense,drum,0,wiki,pos,0
2015/33,hisense,drum,1,news,neg,0
2015/33,hisense,drum,1,news,pos,2
2015/33,hisense,drum,2,blog,neg,0
2015/33,hisense,drum,2,blog,pos,0
2015/33,hisense,drum,5,community,neg,0
2015/33,hisense,drum,5,community,pos,0
2015/33,hisense,drum,7,bbs,neg,1
2015/33,hisense,drum,7,bbs,pos,1
2015/33,hisense,drum,9,weibo,neg,0
2015/33,hisense,drum,9,weibo,pos,0
2015/33,hisense,drum,z,others,neg,0
2015/33,hisense,drum,z,others,pos,0
2015/33,lg,bolun,0,wiki,neg,1
2015/33,lg,bolun,0,wiki,pos,0
2015/33,lg,bolun,1,news,neg,0
2015/33,lg,bolun,1,news,pos,0
2015/33,lg,bolun,2,blog,neg,0
2015/33,lg,bolun,2,blog,pos,0
2015/33,lg,bolun,5,community,neg,0
2015/33,lg,bolun,5,community,pos,0
2015/33,lg,bolun,7,bbs,neg,0
2015/33,lg,bolun,7,bbs,pos,0
2015/33,lg,bolun,9,weibo,neg,0
2015/33,lg,bolun,9,weibo,pos,0
2015/33,lg,bolun,z,others,neg,0
2015/33,lg,bolun,z,others,pos,0
2015/33,lg,drum,0,wiki,neg,1
2015/33,lg,drum,0,wiki,pos,6
2015/33,lg,drum,1,news,neg,11
2015/33,lg,drum,1,news,pos,0
2015/33,lg,drum,2,blog,neg,0
2015/33,lg,drum,2,blog,pos,0
2015/33,lg,drum,5,community,neg,0
2015/33,lg,drum,5,community,pos,0
2015/33,lg,drum,7,bbs,neg,0
2015/33,lg,drum,7,bbs,pos,1
2015/33,lg,drum,9,weibo,neg,0
2015/33,lg,drum,9,weibo,pos,3
2015/33,lg,drum,z,others,neg,0
2015/33,lg,drum,z,others,pos,0
2015/33,sanyo,bolun,0,wiki,neg,1
2015/33,sanyo,bolun,0,wiki,pos,0
2015/33,sanyo,bolun,1,news,neg,0
2015/33,sanyo,bolun,1,news,pos,2
2015/33,sanyo,bolun,2,blog,neg,0
2015/33,sanyo,bolun,2,blog,pos,0
2015/33,sanyo,bolun,5,community,neg,0
2015/33,sanyo,bolun,5,community,pos,0
2015/33,sanyo,bolun,7,bbs,neg,0
2015/33,sanyo,bolun,7,bbs,pos,0
2015/33,sanyo,bolun,9,weibo,neg,0
2015/33,sanyo,bolun,9,weibo,pos,0
2015/33,sanyo,bolun,z,others,neg,0
2015/33,sanyo,bolun,z,others,pos,0
2015/33,sanyo,drum,0,wiki,neg,6
2015/33,sanyo,drum,0,wiki,pos,0
2015/33,sanyo,drum,1,news,neg,0
2015/33,sanyo,drum,1,news,pos,6
2015/33,sanyo,drum,2,blog,neg,0
2015/33,sanyo,drum,2,blog,pos,0
2015/33,sanyo,drum,5,community,neg,0
2015/33,sanyo,drum,5,community,pos,0
2015/33,sanyo,drum,7,bbs,neg,1
2015/33,sanyo,drum,7,bbs,pos,0
2015/33,sanyo,drum,9,weibo,neg,0
2015/33,sanyo,drum,9,weibo,pos,0
2015/33,sanyo,drum,z,others,neg,0
2015/33,sanyo,drum,z,others,pos,0
2015/33,siemens,bolun,0,wiki,neg,1
2015/33,siemens,bolun,0,wiki,pos,0
2015/33,siemens,bolun,1,news,neg,0
2015/33,siemens,bolun,1,news,pos,0
2015/33,siemens,bolun,2,blog,neg,0
2015/33,siemens,bolun,2,blog,pos,0
2015/33,siemens,bolun,5,community,neg,0
2015/33,siemens,bolun,5,community,pos,0
2015/33,siemens,bolun,7,bbs,neg,0
2015/33,siemens,bolun,7,bbs,pos,0
2015/33,siemens,bolun,9,weibo,neg,0
2015/33,siemens,bolun,9,weibo,pos,0
2015/33,siemens,bolun,z,others,neg,0
2015/33,siemens,bolun,z,others,pos,0
2015/33,siemens,drum,0,wiki,neg,18
2015/33,siemens,drum,0,wiki,pos,1
2015/33,siemens,drum,1,news,neg,1
2015/33,siemens,drum,1,news,pos,9
2015/33,siemens,drum,2,blog,neg,0
2015/33,siemens,drum,2,blog,pos,0
2015/33,siemens,drum,5,community,neg,0
2015/33,siemens,drum,5,community,pos,0
2015/33,siemens,drum,7,bbs,neg,5
2015/33,siemens,drum,7,bbs,pos,0
2015/33,siemens,drum,9,weibo,neg,3
2015/33,siemens,drum,9,weibo,pos,0
2015/33,siemens,drum,z,others,neg,0
2015/33,siemens,drum,z,others,pos,0
2015/34,galanz,bolun,0,wiki,neg,0
2015/34,galanz,bolun,0,wiki,pos,0
2015/34,galanz,bolun,1,news,neg,0
2015/34,galanz,bolun,1,news,pos,0
2015/34,galanz,bolun,2,blog,neg,0
2015/34,galanz,bolun,2,blog,pos,0
2015/34,galanz,bolun,5,community,neg,0
2015/34,galanz,bolun,5,community,pos,0
2015/34,galanz,bolun,7,bbs,neg,0
2015/34,galanz,bolun,7,bbs,pos,0
2015/34,galanz,bolun,9,weibo,neg,0
2015/34,galanz,bolun,9,weibo,pos,0
2015/34,galanz,bolun,z,others,neg,0
2015/34,galanz,bolun,z,others,pos,0
2015/34,galanz,drum,0,wiki,neg,0
2015/34,galanz,drum,0,wiki,pos,0
2015/34,galanz,drum,1,news,neg,0
2015/34,galanz,drum,1,news,pos,21
2015/34,galanz,drum,2,blog,neg,0
2015/34,galanz,drum,2,blog,pos,0
2015/34,galanz,drum,5,community,neg,0
2015/34,galanz,drum,5,community,pos,0
2015/34,galanz,drum,7,bbs,neg,0
2015/34,galanz,drum,7,bbs,pos,3
2015/34,galanz,drum,9,weibo,neg,0
2015/34,galanz,drum,9,weibo,pos,0
2015/34,galanz,drum,z,others,neg,0
2015/34,galanz,drum,z,others,pos,0
2015/34,haier,bolun,0,wiki,neg,5
2015/34,haier,bolun,0,wiki,pos,3
2015/34,haier,bolun,1,news,neg,0
2015/34,haier,bolun,1,news,pos,28
2015/34,haier,bolun,2,blog,neg,0
2015/34,haier,bolun,2,blog,pos,0
2015/34,haier,bolun,5,community,neg,0
2015/34,haier,bolun,5,community,pos,0
2015/34,haier,bolun,7,bbs,neg,1
2015/34,haier,bolun,7,bbs,pos,1
2015/34,haier,bolun,9,weibo,neg,2
2015/34,haier,bolun,9,weibo,pos,0
2015/34,haier,bolun,z,others,neg,0
2015/34,haier,bolun,z,others,pos,1
2015/34,haier,drum,0,wiki,neg,23
2015/34,haier,drum,0,wiki,pos,0
2015/34,haier,drum,1,news,neg,2
2015/34,haier,drum,1,news,pos,26
2015/34,haier,drum,2,blog,neg,0
2015/34,haier,drum,2,blog,pos,0
2015/34,haier,drum,5,community,neg,0
2015/34,haier,drum,5,community,pos,0
2015/34,haier,drum,7,bbs,neg,3
2015/34,haier,drum,7,bbs,pos,3
2015/34,haier,drum,9,weibo,neg,0
2015/34,haier,drum,9,weibo,pos,0
2015/34,haier,drum,z,others,neg,0
2015/34,haier,drum,z,others,pos,0
2015/34,hisense,bolun,0,wiki,neg,1
2015/34,hisense,bolun,0,wiki,pos,0
2015/34,hisense,bolun,1,news,neg,0
2015/34,hisense,bolun,1,news,pos,0
2015/34,hisense,bolun,2,blog,neg,0
2015/34,hisense,bolun,2,blog,pos,0
2015/34,hisense,bolun,5,community,neg,0
2015/34,hisense,bolun,5,community,pos,0
2015/34,hisense,bolun,7,bbs,neg,1
2015/34,hisense,bolun,7,bbs,pos,1
2015/34,hisense,bolun,9,weibo,neg,0
2015/34,hisense,bolun,9,weibo,pos,0
2015/34,hisense,bolun,z,others,neg,0
2015/34,hisense,bolun,z,others,pos,0
2015/34,hisense,drum,0,wiki,neg,1
2015/34,hisense,drum,0,wiki,pos,0
2015/34,hisense,drum,1,news,neg,0
2015/34,hisense,drum,1,news,pos,2
2015/34,hisense,drum,2,blog,neg,0
2015/34,hisense,drum,2,blog,pos,0
2015/34,hisense,drum,5,community,neg,0
2015/34,hisense,drum,5,community,pos,0
2015/34,hisense,drum,7,bbs,neg,0
2015/34,hisense,drum,7,bbs,pos,1
2015/34,hisense,drum,9,weibo,neg,0
2015/34,hisense,drum,9,weibo,pos,0
2015/34,hisense,drum,z,others,neg,0
2015/34,hisense,drum,z,others,pos,0
2015/34,lg,bolun,0,wiki,neg,0
2015/34,lg,bolun,0,wiki,pos,0
2015/34,lg,bolun,1,news,neg,0
2015/34,lg,bolun,1,news,pos,0
2015/34,lg,bolun,2,blog,neg,0
2015/34,lg,bolun,2,blog,pos,0
2015/34,lg,bolun,5,community,neg,0
2015/34,lg,bolun,5,community,pos,0
2015/34,lg,bolun,7,bbs,neg,0
2015/34,lg,bolun,7,bbs,pos,0
2015/34,lg,bolun,9,weibo,neg,0
2015/34,lg,bolun,9,weibo,pos,0
2015/34,lg,bolun,z,others,neg,0
2015/34,lg,bolun,z,others,pos,0
2015/34,lg,drum,0,wiki,neg,0
2015/34,lg,drum,0,wiki,pos,12
2015/34,lg,drum,1,news,neg,8
2015/34,lg,drum,1,news,pos,0
2015/34,lg,drum,2,blog,neg,0
2015/34,lg,drum,2,blog,pos,0
2015/34,lg,drum,5,community,neg,0
2015/34,lg,drum,5,community,pos,0
2015/34,lg,drum,7,bbs,neg,4
2015/34,lg,drum,7,bbs,pos,8
2015/34,lg,drum,9,weibo,neg,0
2015/34,lg,drum,9,weibo,pos,2
2015/34,lg,drum,z,others,neg,0
2015/34,lg,drum,z,others,pos,0
2015/34,sanyo,bolun,0,wiki,neg,0
2015/34,sanyo,bolun,0,wiki,pos,0
2015/34,sanyo,bolun,1,news,neg,0
2015/34,sanyo,bolun,1,news,pos,0
2015/34,sanyo,bolun,2,blog,neg,0
2015/34,sanyo,bolun,2,blog,pos,0
2015/34,sanyo,bolun,5,community,neg,0
2015/34,sanyo,bolun,5,community,pos,0
2015/34,sanyo,bolun,7,bbs,neg,0
2015/34,sanyo,bolun,7,bbs,pos,0
2015/34,sanyo,bolun,9,weibo,neg,0
2015/34,sanyo,bolun,9,weibo,pos,0
2015/34,sanyo,bolun,z,others,neg,0
2015/34,sanyo,bolun,z,others,pos,0
2015/34,sanyo,drum,0,wiki,neg,13
2015/34,sanyo,drum,0,wiki,pos,0
2015/34,sanyo,drum,1,news,neg,0
2015/34,sanyo,drum,1,news,pos,7
2015/34,sanyo,drum,2,blog,neg,0
2015/34,sanyo,drum,2,blog,pos,0
2015/34,sanyo,drum,5,community,neg,0
2015/34,sanyo,drum,5,community,pos,0
2015/34,sanyo,drum,7,bbs,neg,1
2015/34,sanyo,drum,7,bbs,pos,1
2015/34,sanyo,drum,9,weibo,neg,0
2015/34,sanyo,drum,9,weibo,pos,0
2015/34,sanyo,drum,z,others,neg,0
2015/34,sanyo,drum,z,others,pos,0
2015/34,siemens,bolun,0,wiki,neg,0
2015/34,siemens,bolun,0,wiki,pos,0
2015/34,siemens,bolun,1,news,neg,0
2015/34,siemens,bolun,1,news,pos,0
2015/34,siemens,bolun,2,blog,neg,0
2015/34,siemens,bolun,2,blog,pos,0
2015/34,siemens,bolun,5,community,neg,0
2015/34,siemens,bolun,5,community,pos,0
2015/34,siemens,bolun,7,bbs,neg,0
2015/34,siemens,bolun,7,bbs,pos,0
2015/34,siemens,bolun,9,weibo,neg,0
2015/34,siemens,bolun,9,weibo,pos,0
2015/34,siemens,bolun,z,others,neg,0
2015/34,siemens,bolun,z,others,pos,0
2015/34,siemens,drum,0,wiki,neg,13
2015/34,siemens,drum,0,wiki,pos,0
2015/34,siemens,drum,1,news,neg,0
2015/34,siemens,drum,1,news,pos,7
2015/34,siemens,drum,2,blog,neg,0
2015/34,siemens,drum,2,blog,pos,0
2015/34,siemens,drum,5,community,neg,0
2015/34,siemens,drum,5,community,pos,0
2015/34,siemens,drum,7,bbs,neg,1
2015/34,siemens,drum,7,bbs,pos,2
2015/34,siemens,drum,9,weibo,neg,11
2015/34,siemens,drum,9,weibo,pos,0
2015/34,siemens,drum,z,others,neg,0
2015/34,siemens,drum,z,others,pos,0
2015/35,galanz,bolun,0,wiki,neg,0
2015/35,galanz,bolun,0,wiki,pos,0
2015/35,galanz,bolun,1,news,neg,0
2015/35,galanz,bolun,1,news,pos,0
2015/35,galanz,bolun,2,blog,neg,0
2015/35,galanz,bolun,2,blog,pos,0
2015/35,galanz,bolun,5,community,neg,0
2015/35,galanz,bolun,5,community,pos,0
2015/35,galanz,bolun,7,bbs,neg,0
2015/35,galanz,bolun,7,bbs,pos,0
2015/35,galanz,bolun,9,weibo,neg,0
2015/35,galanz,bolun,9,weibo,pos,0
2015/35,galanz,bolun,z,others,neg,0
2015/35,galanz,bolun,z,others,pos,0
2015/35,galanz,drum,0,wiki,neg,0
2015/35,galanz,drum,0,wiki,pos,0
2015/35,galanz,drum,1,news,neg,0
2015/35,galanz,drum,1,news,pos,8
2015/35,galanz,drum,2,blog,neg,0
2015/35,galanz,drum,2,blog,pos,0
2015/35,galanz,drum,5,community,neg,0
2015/35,galanz,drum,5,community,pos,0
2015/35,galanz,drum,7,bbs,neg,0
2015/35,galanz,drum,7,bbs,pos,1
2015/35,galanz,drum,9,weibo,neg,0
2015/35,galanz,drum,9,weibo,pos,0
2015/35,galanz,drum,z,others,neg,0
2015/35,galanz,drum,z,others,pos,0
2015/35,haier,bolun,0,wiki,neg,6
2015/35,haier,bolun,0,wiki,pos,0
2015/35,haier,bolun,1,news,neg,0
2015/35,haier,bolun,1,news,pos,33
2015/35,haier,bolun,2,blog,neg,0
2015/35,haier,bolun,2,blog,pos,0
2015/35,haier,bolun,5,community,neg,0
2015/35,haier,bolun,5,community,pos,0
2015/35,haier,bolun,7,bbs,neg,0
2015/35,haier,bolun,7,bbs,pos,1
2015/35,haier,bolun,9,weibo,neg,0
2015/35,haier,bolun,9,weibo,pos,0
2015/35,haier,bolun,z,others,neg,0
2015/35,haier,bolun,z,others,pos,0
2015/35,haier,drum,0,wiki,neg,29
2015/35,haier,drum,0,wiki,pos,0
2015/35,haier,drum,1,news,neg,0
2015/35,haier,drum,1,news,pos,21
2015/35,haier,drum,2,blog,neg,0
2015/35,haier,drum,2,blog,pos,0
2015/35,haier,drum,5,community,neg,0
2015/35,haier,drum,5,community,pos,0
2015/35,haier,drum,7,bbs,neg,5
2015/35,haier,drum,7,bbs,pos,0
2015/35,haier,drum,9,weibo,neg,1
2015/35,haier,drum,9,weibo,pos,1
2015/35,haier,drum,z,others,neg,0
2015/35,haier,drum,z,others,pos,0
2015/35,hisense,bolun,0,wiki,neg,0
2015/35,hisense,bolun,0,wiki,pos,0
2015/35,hisense,bolun,1,news,neg,0
2015/35,hisense,bolun,1,news,pos,2
2015/35,hisense,bolun,2,blog,neg,0
2015/35,hisense,bolun,2,blog,pos,0
2015/35,hisense,bolun,5,community,neg,0
2015/35,hisense,bolun,5,community,pos,0
2015/35,hisense,bolun,7,bbs,neg,0
2015/35,hisense,bolun,7,bbs,pos,0
2015/35,hisense,bolun,9,weibo,neg,0
2015/35,hisense,bolun,9,weibo,pos,0
2015/35,hisense,bolun,z,others,neg,0
2015/35,hisense,bolun,z,others,pos,0
2015/35,hisense,drum,0,wiki,neg,1
2015/35,hisense,drum,0,wiki,pos,0
2015/35,hisense,drum,1,news,neg,0
2015/35,hisense,drum,1,news,pos,4
2015/35,hisense,drum,2,blog,neg,0
2015/35,hisense,drum,2,blog,pos,0
2015/35,hisense,drum,5,community,neg,0
2015/35,hisense,drum,5,community,pos,0
2015/35,hisense,drum,7,bbs,neg,0
2015/35,hisense,drum,7,bbs,pos,0
2015/35,hisense,drum,9,weibo,neg,0
2015/35,hisense,drum,9,weibo,pos,0
2015/35,hisense,drum,z,others,neg,0
2015/35,hisense,drum,z,others,pos,0
2015/35,lg,bolun,0,wiki,neg,1
2015/35,lg,bolun,0,wiki,pos,0
2015/35,lg,bolun,1,news,neg,0
2015/35,lg,bolun,1,news,pos,0
2015/35,lg,bolun,2,blog,neg,0
2015/35,lg,bolun,2,blog,pos,0
2015/35,lg,bolun,5,community,neg,0
2015/35,lg,bolun,5,community,pos,0
2015/35,lg,bolun,7,bbs,neg,0
2015/35,lg,bolun,7,bbs,pos,0
2015/35,lg,bolun,9,weibo,neg,0
2015/35,lg,bolun,9,weibo,pos,0
2015/35,lg,bolun,z,others,neg,0
2015/35,lg,bolun,z,others,pos,0
2015/35,lg,drum,0,wiki,neg,0
2015/35,lg,drum,0,wiki,pos,9
2015/35,lg,drum,1,news,neg,7
2015/35,lg,drum,1,news,pos,0
2015/35,lg,drum,2,blog,neg,0
2015/35,lg,drum,2,blog,pos,0
2015/35,lg,drum,5,community,neg,0
2015/35,lg,drum,5,community,pos,0
2015/35,lg,drum,7,bbs,neg,1
2015/35,lg,drum,7,bbs,pos,8
2015/35,lg,drum,9,weibo,neg,0
2015/35,lg,drum,9,weibo,pos,2
2015/35,lg,drum,z,others,neg,0
2015/35,lg,drum,z,others,pos,0
2015/35,sanyo,bolun,0,wiki,neg,1
2015/35,sanyo,bolun,0,wiki,pos,0
2015/35,sanyo,bolun,1,news,neg,0
2015/35,sanyo,bolun,1,news,pos,3
2015/35,sanyo,bolun,2,blog,neg,0
2015/35,sanyo,bolun,2,blog,pos,0
2015/35,sanyo,bolun,5,community,neg,0
2015/35,sanyo,bolun,5,community,pos,0
2015/35,sanyo,bolun,7,bbs,neg,0
2015/35,sanyo,bolun,7,bbs,pos,0
2015/35,sanyo,bolun,9,weibo,neg,0
2015/35,sanyo,bolun,9,weibo,pos,0
2015/35,sanyo,bolun,z,others,neg,0
2015/35,sanyo,bolun,z,others,pos,0
2015/35,sanyo,drum,0,wiki,neg,10
2015/35,sanyo,drum,0,wiki,pos,0
2015/35,sanyo,drum,1,news,neg,0
2015/35,sanyo,drum,1,news,pos,4
2015/35,sanyo,drum,2,blog,neg,0
2015/35,sanyo,drum,2,blog,pos,0
2015/35,sanyo,drum,5,community,neg,0
2015/35,sanyo,drum,5,community,pos,0
2015/35,sanyo,drum,7,bbs,neg,2
2015/35,sanyo,drum,7,bbs,pos,0
2015/35,sanyo,drum,9,weibo,neg,0
2015/35,sanyo,drum,9,weibo,pos,0
2015/35,sanyo,drum,z,others,neg,0
2015/35,sanyo,drum,z,others,pos,0
2015/35,siemens,bolun,0,wiki,neg,1
2015/35,siemens,bolun,0,wiki,pos,0
2015/35,siemens,bolun,1,news,neg,0
2015/35,siemens,bolun,1,news,pos,0
2015/35,siemens,bolun,2,blog,neg,0
2015/35,siemens,bolun,2,blog,pos,0
2015/35,siemens,bolun,5,community,neg,0
2015/35,siemens,bolun,5,community,pos,0
2015/35,siemens,bolun,7,bbs,neg,0
2015/35,siemens,bolun,7,bbs,pos,0
2015/35,siemens,bolun,9,weibo,neg,0
2015/35,siemens,bolun,9,weibo,pos,0
2015/35,siemens,bolun,z,others,neg,0
2015/35,siemens,bolun,z,others,pos,0
2015/35,siemens,drum,0,wiki,neg,16
2015/35,siemens,drum,0,wiki,pos,0
2015/35,siemens,drum,1,news,neg,0
2015/35,siemens,drum,1,news,pos,8
2015/35,siemens,drum,2,blog,neg,0
2015/35,siemens,drum,2,blog,pos,0
2015/35,siemens,drum,5,community,neg,0
2015/35,siemens,drum,5,community,pos,0
2015/35,siemens,drum,7,bbs,neg,3
2015/35,siemens,drum,7,bbs,pos,0
2015/35,siemens,drum,9,weibo,neg,0
2015/35,siemens,drum,9,weibo,pos,0
2015/35,siemens,drum,z,others,neg,0
2015/35,siemens,drum,z,others,pos,0
2015/36,galanz,bolun,0,wiki,neg,0
2015/36,galanz,bolun,0,wiki,pos,0
2015/36,galanz,bolun,1,news,neg,0
2015/36,galanz,bolun,1,news,pos,3
2015/36,galanz,bolun,2,blog,neg,0
2015/36,galanz,bolun,2,blog,pos,0
2015/36,galanz,bolun,5,community,neg,0
2015/36,galanz,bolun,5,community,pos,0
2015/36,galanz,bolun,7,bbs,neg,0
2015/36,galanz,bolun,7,bbs,pos,0
2015/36,galanz,bolun,9,weibo,neg,0
2015/36,galanz,bolun,9,weibo,pos,0
2015/36,galanz,bolun,z,others,neg,0
2015/36,galanz,bolun,z,others,pos,0
2015/36,galanz,drum,0,wiki,neg,0
2015/36,galanz,drum,0,wiki,pos,0
2015/36,galanz,drum,1,news,neg,0
2015/36,galanz,drum,1,news,pos,38
2015/36,galanz,drum,2,blog,neg,0
2015/36,galanz,drum,2,blog,pos,0
2015/36,galanz,drum,5,community,neg,0
2015/36,galanz,drum,5,community,pos,0
2015/36,galanz,drum,7,bbs,neg,0
2015/36,galanz,drum,7,bbs,pos,0
2015/36,galanz,drum,9,weibo,neg,0
2015/36,galanz,drum,9,weibo,pos,0
2015/36,galanz,drum,z,others,neg,0
2015/36,galanz,drum,z,others,pos,0
2015/36,haier,bolun,0,wiki,neg,9
2015/36,haier,bolun,0,wiki,pos,0
2015/36,haier,bolun,1,news,neg,0
2015/36,haier,bolun,1,news,pos,51
2015/36,haier,bolun,2,blog,neg,0
2015/36,haier,bolun,2,blog,pos,0
2015/36,haier,bolun,5,community,neg,0
2015/36,haier,bolun,5,community,pos,0
2015/36,haier,bolun,7,bbs,neg,0
2015/36,haier,bolun,7,bbs,pos,0
2015/36,haier,bolun,9,weibo,neg,0
2015/36,haier,bolun,9,weibo,pos,0
2015/36,haier,bolun,z,others,neg,0
2015/36,haier,bolun,z,others,pos,3
2015/36,haier,drum,0,wiki,neg,37
2015/36,haier,drum,0,wiki,pos,1
2015/36,haier,drum,1,news,neg,1
2015/36,haier,drum,1,news,pos,96
2015/36,haier,drum,2,blog,neg,0
2015/36,haier,drum,2,blog,pos,0
2015/36,haier,drum,5,community,neg,0
2015/36,haier,drum,5,community,pos,0
2015/36,haier,drum,7,bbs,neg,3
2015/36,haier,drum,7,bbs,pos,1
2015/36,haier,drum,9,weibo,neg,3
2015/36,haier,drum,9,weibo,pos,0
2015/36,haier,drum,z,others,neg,0
2015/36,haier,drum,z,others,pos,3
2015/36,hisense,bolun,0,wiki,neg,0
2015/36,hisense,bolun,0,wiki,pos,0
2015/36,hisense,bolun,1,news,neg,0
2015/36,hisense,bolun,1,news,pos,3
2015/36,hisense,bolun,2,blog,neg,0
2015/36,hisense,bolun,2,blog,pos,0
2015/36,hisense,bolun,5,community,neg,0
2015/36,hisense,bolun,5,community,pos,0
2015/36,hisense,bolun,7,bbs,neg,0
2015/36,hisense,bolun,7,bbs,pos,0
2015/36,hisense,bolun,9,weibo,neg,0
2015/36,hisense,bolun,9,weibo,pos,0
2015/36,hisense,bolun,z,others,neg,0
2015/36,hisense,bolun,z,others,pos,0
2015/36,hisense,drum,0,wiki,neg,3
2015/36,hisense,drum,0,wiki,pos,0
2015/36,hisense,drum,1,news,neg,1
2015/36,hisense,drum,1,news,pos,8
2015/36,hisense,drum,2,blog,neg,0
2015/36,hisense,drum,2,blog,pos,0
2015/36,hisense,drum,5,community,neg,0
2015/36,hisense,drum,5,community,pos,0
2015/36,hisense,drum,7,bbs,neg,1
2015/36,hisense,drum,7,bbs,pos,0
2015/36,hisense,drum,9,weibo,neg,0
2015/36,hisense,drum,9,weibo,pos,0
2015/36,hisense,drum,z,others,neg,0
2015/36,hisense,drum,z,others,pos,0
2015/36,lg,bolun,0,wiki,neg,2
2015/36,lg,bolun,0,wiki,pos,0
2015/36,lg,bolun,1,news,neg,0
2015/36,lg,bolun,1,news,pos,0
2015/36,lg,bolun,2,blog,neg,0
2015/36,lg,bolun,2,blog,pos,0
2015/36,lg,bolun,5,community,neg,0
2015/36,lg,bolun,5,community,pos,0
2015/36,lg,bolun,7,bbs,neg,0
2015/36,lg,bolun,7,bbs,pos,0
2015/36,lg,bolun,9,weibo,neg,0
2015/36,lg,bolun,9,weibo,pos,0
2015/36,lg,bolun,z,others,neg,0
2015/36,lg,bolun,z,others,pos,0
2015/36,lg,drum,0,wiki,neg,0
2015/36,lg,drum,0,wiki,pos,11
2015/36,lg,drum,1,news,neg,62
2015/36,lg,drum,1,news,pos,0
2015/36,lg,drum,2,blog,neg,0
2015/36,lg,drum,2,blog,pos,0
2015/36,lg,drum,5,community,neg,0
2015/36,lg,drum,5,community,pos,0
2015/36,lg,drum,7,bbs,neg,1
2015/36,lg,drum,7,bbs,pos,1
2015/36,lg,drum,9,weibo,neg,0
2015/36,lg,drum,9,weibo,pos,1
2015/36,lg,drum,z,others,neg,1
2015/36,lg,drum,z,others,pos,0
2015/36,sanyo,bolun,0,wiki,neg,2
2015/36,sanyo,bolun,0,wiki,pos,0
2015/36,sanyo,bolun,1,news,neg,0
2015/36,sanyo,bolun,1,news,pos,0
2015/36,sanyo,bolun,2,blog,neg,0
2015/36,sanyo,bolun,2,blog,pos,0
2015/36,sanyo,bolun,5,community,neg,0
2015/36,sanyo,bolun,5,community,pos,0
2015/36,sanyo,bolun,7,bbs,neg,0
2015/36,sanyo,bolun,7,bbs,pos,0
2015/36,sanyo,bolun,9,weibo,neg,0
2015/36,sanyo,bolun,9,weibo,pos,0
2015/36,sanyo,bolun,z,others,neg,0
2015/36,sanyo,bolun,z,others,pos,0
2015/36,sanyo,drum,0,wiki,neg,11
2015/36,sanyo,drum,0,wiki,pos,0
2015/36,sanyo,drum,1,news,neg,3
2015/36,sanyo,drum,1,news,pos,5
2015/36,sanyo,drum,2,blog,neg,0
2015/36,sanyo,drum,2,blog,pos,0
2015/36,sanyo,drum,5,community,neg,1
2015/36,sanyo,drum,5,community,pos,0
2015/36,sanyo,drum,7,bbs,neg,0
2015/36,sanyo,drum,7,bbs,pos,0
2015/36,sanyo,drum,9,weibo,neg,0
2015/36,sanyo,drum,9,weibo,pos,0
2015/36,sanyo,drum,z,others,neg,0
2015/36,sanyo,drum,z,others,pos,0
2015/36,siemens,bolun,0,wiki,neg,0
2015/36,siemens,bolun,0,wiki,pos,0
2015/36,siemens,bolun,1,news,neg,0
2015/36,siemens,bolun,1,news,pos,0
2015/36,siemens,bolun,2,blog,neg,0
2015/36,siemens,bolun,2,blog,pos,0
2015/36,siemens,bolun,5,community,neg,0
2015/36,siemens,bolun,5,community,pos,0
2015/36,siemens,bolun,7,bbs,neg,0
2015/36,siemens,bolun,7,bbs,pos,0
2015/36,siemens,bolun,9,weibo,neg,0
2015/36,siemens,bolun,9,weibo,pos,0
2015/36,siemens,bolun,z,others,neg,0
2015/36,siemens,bolun,z,others,pos,0
2015/36,siemens,drum,0,wiki,neg,19
2015/36,siemens,drum,0,wiki,pos,1
2015/36,siemens,drum,1,news,neg,2
2015/36,siemens,drum,1,news,pos,29
2015/36,siemens,drum,2,blog,neg,0
2015/36,siemens,drum,2,blog,pos,0
2015/36,siemens,drum,5,community,neg,0
2015/36,siemens,drum,5,community,pos,0
2015/36,siemens,drum,7,bbs,neg,3
2015/36,siemens,drum,7,bbs,pos,0
2015/36,siemens,drum,9,weibo,neg,2
2015/36,siemens,drum,9,weibo,pos,0
2015/36,siemens,drum,z,others,neg,0
2015/36,siemens,drum,z,others,pos,1
2015/37,galanz,bolun,0,wiki,neg,0
2015/37,galanz,bolun,0,wiki,pos,0
2015/37,galanz,bolun,1,news,neg,0
2015/37,galanz,bolun,1,news,pos,0
2015/37,galanz,bolun,2,blog,neg,0
2015/37,galanz,bolun,2,blog,pos,0
2015/37,galanz,bolun,5,community,neg,0
2015/37,galanz,bolun,5,community,pos,0
2015/37,galanz,bolun,7,bbs,neg,0
2015/37,galanz,bolun,7,bbs,pos,0
2015/37,galanz,bolun,9,weibo,neg,0
2015/37,galanz,bolun,9,weibo,pos,0
2015/37,galanz,bolun,z,others,neg,0
2015/37,galanz,bolun,z,others,pos,0
2015/37,galanz,drum,0,wiki,neg,0
2015/37,galanz,drum,0,wiki,pos,0
2015/37,galanz,drum,1,news,neg,0
2015/37,galanz,drum,1,news,pos,12
2015/37,galanz,drum,2,blog,neg,0
2015/37,galanz,drum,2,blog,pos,0
2015/37,galanz,drum,5,community,neg,0
2015/37,galanz,drum,5,community,pos,0
2015/37,galanz,drum,7,bbs,neg,0
2015/37,galanz,drum,7,bbs,pos,0
2015/37,galanz,drum,9,weibo,neg,0
2015/37,galanz,drum,9,weibo,pos,0
2015/37,galanz,drum,z,others,neg,0
2015/37,galanz,drum,z,others,pos,0
2015/37,haier,bolun,0,wiki,neg,4
2015/37,haier,bolun,0,wiki,pos,0
2015/37,haier,bolun,1,news,neg,0
2015/37,haier,bolun,1,news,pos,39
2015/37,haier,bolun,2,blog,neg,0
2015/37,haier,bolun,2,blog,pos,0
2015/37,haier,bolun,5,community,neg,0
2015/37,haier,bolun,5,community,pos,0
2015/37,haier,bolun,7,bbs,neg,1
2015/37,haier,bolun,7,bbs,pos,0
2015/37,haier,bolun,9,weibo,neg,2
2015/37,haier,bolun,9,weibo,pos,1
2015/37,haier,bolun,z,others,neg,0
2015/37,haier,bolun,z,others,pos,1
2015/37,haier,drum,0,wiki,neg,28
2015/37,haier,drum,0,wiki,pos,1
2015/37,haier,drum,1,news,neg,0
2015/37,haier,drum,1,news,pos,48
2015/37,haier,drum,2,blog,neg,0
2015/37,haier,drum,2,blog,pos,0
2015/37,haier,drum,5,community,neg,0
2015/37,haier,drum,5,community,pos,0
2015/37,haier,drum,7,bbs,neg,1
2015/37,haier,drum,7,bbs,pos,4
2015/37,haier,drum,9,weibo,neg,1
2015/37,haier,drum,9,weibo,pos,0
2015/37,haier,drum,z,others,neg,0
2015/37,haier,drum,z,others,pos,0
2015/37,hisense,bolun,0,wiki,neg,0
2015/37,hisense,bolun,0,wiki,pos,0
2015/37,hisense,bolun,1,news,neg,0
2015/37,hisense,bolun,1,news,pos,0
2015/37,hisense,bolun,2,blog,neg,0
2015/37,hisense,bolun,2,blog,pos,0
2015/37,hisense,bolun,5,community,neg,0
2015/37,hisense,bolun,5,community,pos,0
2015/37,hisense,bolun,7,bbs,neg,0
2015/37,hisense,bolun,7,bbs,pos,0
2015/37,hisense,bolun,9,weibo,neg,0
2015/37,hisense,bolun,9,weibo,pos,0
2015/37,hisense,bolun,z,others,neg,0
2015/37,hisense,bolun,z,others,pos,0
2015/37,hisense,drum,0,wiki,neg,4
2015/37,hisense,drum,0,wiki,pos,0
2015/37,hisense,drum,1,news,neg,0
2015/37,hisense,drum,1,news,pos,25
2015/37,hisense,drum,2,blog,neg,0
2015/37,hisense,drum,2,blog,pos,0
2015/37,hisense,drum,5,community,neg,0
2015/37,hisense,drum,5,community,pos,0
2015/37,hisense,drum,7,bbs,neg,1
2015/37,hisense,drum,7,bbs,pos,3
2015/37,hisense,drum,9,weibo,neg,0
2015/37,hisense,drum,9,weibo,pos,0
2015/37,hisense,drum,z,others,neg,0
2015/37,hisense,drum,z,others,pos,0
2015/37,lg,bolun,0,wiki,neg,1
2015/37,lg,bolun,0,wiki,pos,0
2015/37,lg,bolun,1,news,neg,0
2015/37,lg,bolun,1,news,pos,0
2015/37,lg,bolun,2,blog,neg,0
2015/37,lg,bolun,2,blog,pos,0
2015/37,lg,bolun,5,community,neg,0
2015/37,lg,bolun,5,community,pos,0
2015/37,lg,bolun,7,bbs,neg,1
2015/37,lg,bolun,7,bbs,pos,0
2015/37,lg,bolun,9,weibo,neg,0
2015/37,lg,bolun,9,weibo,pos,0
2015/37,lg,bolun,z,others,neg,0
2015/37,lg,bolun,z,others,pos,0
2015/37,lg,drum,0,wiki,neg,0
2015/37,lg,drum,0,wiki,pos,4
2015/37,lg,drum,1,news,neg,19
2015/37,lg,drum,1,news,pos,0
2015/37,lg,drum,2,blog,neg,0
2015/37,lg,drum,2,blog,pos,0
2015/37,lg,drum,5,community,neg,0
2015/37,lg,drum,5,community,pos,0
2015/37,lg,drum,7,bbs,neg,4
2015/37,lg,drum,7,bbs,pos,3
2015/37,lg,drum,9,weibo,neg,0
2015/37,lg,drum,9,weibo,pos,1
2015/37,lg,drum,z,others,neg,0
2015/37,lg,drum,z,others,pos,0
2015/37,sanyo,bolun,0,wiki,neg,2
2015/37,sanyo,bolun,0,wiki,pos,0
2015/37,sanyo,bolun,1,news,neg,0
2015/37,sanyo,bolun,1,news,pos,0
2015/37,sanyo,bolun,2,blog,neg,0
2015/37,sanyo,bolun,2,blog,pos,0
2015/37,sanyo,bolun,5,community,neg,0
2015/37,sanyo,bolun,5,community,pos,0
2015/37,sanyo,bolun,7,bbs,neg,0
2015/37,sanyo,bolun,7,bbs,pos,0
2015/37,sanyo,bolun,9,weibo,neg,0
2015/37,sanyo,bolun,9,weibo,pos,0
2015/37,sanyo,bolun,z,others,neg,0
2015/37,sanyo,bolun,z,others,pos,0
2015/37,sanyo,drum,0,wiki,neg,15
2015/37,sanyo,drum,0,wiki,pos,1
2015/37,sanyo,drum,1,news,neg,0
2015/37,sanyo,drum,1,news,pos,1
2015/37,sanyo,drum,2,blog,neg,0
2015/37,sanyo,drum,2,blog,pos,0
2015/37,sanyo,drum,5,community,neg,0
2015/37,sanyo,drum,5,community,pos,0
2015/37,sanyo,drum,7,bbs,neg,3
2015/37,sanyo,drum,7,bbs,pos,2
2015/37,sanyo,drum,9,weibo,neg,0
2015/37,sanyo,drum,9,weibo,pos,0
2015/37,sanyo,drum,z,others,neg,0
2015/37,sanyo,drum,z,others,pos,0
2015/37,siemens,bolun,0,wiki,neg,0
2015/37,siemens,bolun,0,wiki,pos,0
2015/37,siemens,bolun,1,news,neg,0
2015/37,siemens,bolun,1,news,pos,0
2015/37,siemens,bolun,2,blog,neg,0
2015/37,siemens,bolun,2,blog,pos,0
2015/37,siemens,bolun,5,community,neg,0
2015/37,siemens,bolun,5,community,pos,0
2015/37,siemens,bolun,7,bbs,neg,0
2015/37,siemens,bolun,7,bbs,pos,0
2015/37,siemens,bolun,9,weibo,neg,0
2015/37,siemens,bolun,9,weibo,pos,0
2015/37,siemens,bolun,z,others,neg,0
2015/37,siemens,bolun,z,others,pos,0
2015/37,siemens,drum,0,wiki,neg,25
2015/37,siemens,drum,0,wiki,pos,0
2015/37,siemens,drum,1,news,neg,0
2015/37,siemens,drum,1,news,pos,12
2015/37,siemens,drum,2,blog,neg,0
2015/37,siemens,drum,2,blog,pos,0
2015/37,siemens,drum,5,community,neg,0
2015/37,siemens,drum,5,community,pos,0
2015/37,siemens,drum,7,bbs,neg,1
2015/37,siemens,drum,7,bbs,pos,1
2015/37,siemens,drum,9,weibo,neg,1
2015/37,siemens,drum,9,weibo,pos,0
2015/37,siemens,drum,z,others,neg,0
2015/37,siemens,drum,z,others,pos,0
2015/38,galanz,bolun,0,wiki,neg,0
2015/38,galanz,bolun,0,wiki,pos,0
2015/38,galanz,bolun,1,news,neg,0
2015/38,galanz,bolun,1,news,pos,1
2015/38,galanz,bolun,2,blog,neg,0
2015/38,galanz,bolun,2,blog,pos,0
2015/38,galanz,bolun,5,community,neg,0
2015/38,galanz,bolun,5,community,pos,0
2015/38,galanz,bolun,7,bbs,neg,0
2015/38,galanz,bolun,7,bbs,pos,0
2015/38,galanz,bolun,9,weibo,neg,0
2015/38,galanz,bolun,9,weibo,pos,0
2015/38,galanz,bolun,z,others,neg,0
2015/38,galanz,bolun,z,others,pos,0
2015/38,galanz,drum,0,wiki,neg,0
2015/38,galanz,drum,0,wiki,pos,0
2015/38,galanz,drum,1,news,neg,0
2015/38,galanz,drum,1,news,pos,15
2015/38,galanz,drum,2,blog,neg,0
2015/38,galanz,drum,2,blog,pos,0
2015/38,galanz,drum,5,community,neg,0
2015/38,galanz,drum,5,community,pos,0
2015/38,galanz,drum,7,bbs,neg,0
2015/38,galanz,drum,7,bbs,pos,0
2015/38,galanz,drum,9,weibo,neg,0
2015/38,galanz,drum,9,weibo,pos,0
2015/38,galanz,drum,z,others,neg,0
2015/38,galanz,drum,z,others,pos,0
2015/38,haier,bolun,0,wiki,neg,3
2015/38,haier,bolun,0,wiki,pos,0
2015/38,haier,bolun,1,news,neg,0
2015/38,haier,bolun,1,news,pos,38
2015/38,haier,bolun,2,blog,neg,0
2015/38,haier,bolun,2,blog,pos,0
2015/38,haier,bolun,5,community,neg,0
2015/38,haier,bolun,5,community,pos,0
2015/38,haier,bolun,7,bbs,neg,0
2015/38,haier,bolun,7,bbs,pos,1
2015/38,haier,bolun,9,weibo,neg,0
2015/38,haier,bolun,9,weibo,pos,0
2015/38,haier,bolun,z,others,neg,0
2015/38,haier,bolun,z,others,pos,1
2015/38,haier,drum,0,wiki,neg,25
2015/38,haier,drum,0,wiki,pos,0
2015/38,haier,drum,1,news,neg,0
2015/38,haier,drum,1,news,pos,48
2015/38,haier,drum,2,blog,neg,0
2015/38,haier,drum,2,blog,pos,0
2015/38,haier,drum,5,community,neg,0
2015/38,haier,drum,5,community,pos,0
2015/38,haier,drum,7,bbs,neg,5
2015/38,haier,drum,7,bbs,pos,2
2015/38,haier,drum,9,weibo,neg,0
2015/38,haier,drum,9,weibo,pos,0
2015/38,haier,drum,z,others,neg,0
2015/38,haier,drum,z,others,pos,0
2015/38,hisense,bolun,0,wiki,neg,0
2015/38,hisense,bolun,0,wiki,pos,0
2015/38,hisense,bolun,1,news,neg,0
2015/38,hisense,bolun,1,news,pos,1
2015/38,hisense,bolun,2,blog,neg,0
2015/38,hisense,bolun,2,blog,pos,0
2015/38,hisense,bolun,5,community,neg,0
2015/38,hisense,bolun,5,community,pos,0
2015/38,hisense,bolun,7,bbs,neg,1
2015/38,hisense,bolun,7,bbs,pos,0
2015/38,hisense,bolun,9,weibo,neg,0
2015/38,hisense,bolun,9,weibo,pos,0
2015/38,hisense,bolun,z,others,neg,0
2015/38,hisense,bolun,z,others,pos,0
2015/38,hisense,drum,0,wiki,neg,2
2015/38,hisense,drum,0,wiki,pos,0
2015/38,hisense,drum,1,news,neg,0
2015/38,hisense,drum,1,news,pos,20
2015/38,hisense,drum,2,blog,neg,0
2015/38,hisense,drum,2,blog,pos,0
2015/38,hisense,drum,5,community,neg,0
2015/38,hisense,drum,5,community,pos,0
2015/38,hisense,drum,7,bbs,neg,1
2015/38,hisense,drum,7,bbs,pos,2
2015/38,hisense,drum,9,weibo,neg,0
2015/38,hisense,drum,9,weibo,pos,0
2015/38,hisense,drum,z,others,neg,0
2015/38,hisense,drum,z,others,pos,0
2015/38,lg,bolun,0,wiki,neg,3
2015/38,lg,bolun,0,wiki,pos,0
2015/38,lg,bolun,1,news,neg,0
2015/38,lg,bolun,1,news,pos,1
2015/38,lg,bolun,2,blog,neg,0
2015/38,lg,bolun,2,blog,pos,0
2015/38,lg,bolun,5,community,neg,0
2015/38,lg,bolun,5,community,pos,0
2015/38,lg,bolun,7,bbs,neg,0
2015/38,lg,bolun,7,bbs,pos,0
2015/38,lg,bolun,9,weibo,neg,0
2015/38,lg,bolun,9,weibo,pos,0
2015/38,lg,bolun,z,others,neg,0
2015/38,lg,bolun,z,others,pos,0
2015/38,lg,drum,0,wiki,neg,0
2015/38,lg,drum,0,wiki,pos,10
2015/38,lg,drum,1,news,neg,21
2015/38,lg,drum,1,news,pos,4
2015/38,lg,drum,2,blog,neg,0
2015/38,lg,drum,2,blog,pos,0
2015/38,lg,drum,5,community,neg,0
2015/38,lg,drum,5,community,pos,0
2015/38,lg,drum,7,bbs,neg,3
2015/38,lg,drum,7,bbs,pos,2
2015/38,lg,drum,9,weibo,neg,0
2015/38,lg,drum,9,weibo,pos,0
2015/38,lg,drum,z,others,neg,0
2015/38,lg,drum,z,others,pos,0
2015/38,sanyo,bolun,0,wiki,neg,3
2015/38,sanyo,bolun,0,wiki,pos,0
2015/38,sanyo,bolun,1,news,neg,0
2015/38,sanyo,bolun,1,news,pos,1
2015/38,sanyo,bolun,2,blog,neg,0
2015/38,sanyo,bolun,2,blog,pos,0
2015/38,sanyo,bolun,5,community,neg,0
2015/38,sanyo,bolun,5,community,pos,0
2015/38,sanyo,bolun,7,bbs,neg,1
2015/38,sanyo,bolun,7,bbs,pos,0
2015/38,sanyo,bolun,9,weibo,neg,0
2015/38,sanyo,bolun,9,weibo,pos,0
2015/38,sanyo,bolun,z,others,neg,0
2015/38,sanyo,bolun,z,others,pos,0
2015/38,sanyo,drum,0,wiki,neg,16
2015/38,sanyo,drum,0,wiki,pos,0
2015/38,sanyo,drum,1,news,neg,0
2015/38,sanyo,drum,1,news,pos,5
2015/38,sanyo,drum,2,blog,neg,0
2015/38,sanyo,drum,2,blog,pos,0
2015/38,sanyo,drum,5,community,neg,0
2015/38,sanyo,drum,5,community,pos,0
2015/38,sanyo,drum,7,bbs,neg,1
2015/38,sanyo,drum,7,bbs,pos,2
2015/38,sanyo,drum,9,weibo,neg,0
2015/38,sanyo,drum,9,weibo,pos,0
2015/38,sanyo,drum,z,others,neg,0
2015/38,sanyo,drum,z,others,pos,0
2015/38,siemens,bolun,0,wiki,neg,0
2015/38,siemens,bolun,0,wiki,pos,0
2015/38,siemens,bolun,1,news,neg,0
2015/38,siemens,bolun,1,news,pos,0
2015/38,siemens,bolun,2,blog,neg,0
2015/38,siemens,bolun,2,blog,pos,0
2015/38,siemens,bolun,5,community,neg,0
2015/38,siemens,bolun,5,community,pos,0
2015/38,siemens,bolun,7,bbs,neg,0
2015/38,siemens,bolun,7,bbs,pos,1
2015/38,siemens,bolun,9,weibo,neg,0
2015/38,siemens,bolun,9,weibo,pos,0
2015/38,siemens,bolun,z,others,neg,0
2015/38,siemens,bolun,z,others,pos,0
2015/38,siemens,drum,0,wiki,neg,22
2015/38,siemens,drum,0,wiki,pos,0
2015/38,siemens,drum,1,news,neg,0
2015/38,siemens,drum,1,news,pos,19
2015/38,siemens,drum,2,blog,neg,0
2015/38,siemens,drum,2,blog,pos,0
2015/38,siemens,drum,5,community,neg,0
2015/38,siemens,drum,5,community,pos,0
2015/38,siemens,drum,7,bbs,neg,2
2015/38,siemens,drum,7,bbs,pos,4
2015/38,siemens,drum,9,weibo,neg,0
2015/38,siemens,drum,9,weibo,pos,0
2015/38,siemens,drum,z,others,neg,0
2015/38,siemens,drum,z,others,pos,0
2015/39,galanz,bolun,0,wiki,neg,0
2015/39,galanz,bolun,0,wiki,pos,0
2015/39,galanz,bolun,1,news,neg,0
2015/39,galanz,bolun,1,news,pos,0
2015/39,galanz,bolun,2,blog,neg,0
2015/39,galanz,bolun,2,blog,pos,0
2015/39,galanz,bolun,5,community,neg,0
2015/39,galanz,bolun,5,community,pos,0
2015/39,galanz,bolun,7,bbs,neg,0
2015/39,galanz,bolun,7,bbs,pos,0
2015/39,galanz,bolun,9,weibo,neg,0
2015/39,galanz,bolun,9,weibo,pos,0
2015/39,galanz,bolun,z,others,neg,0
2015/39,galanz,bolun,z,others,pos,0
2015/39,galanz,drum,0,wiki,neg,0
2015/39,galanz,drum,0,wiki,pos,0
2015/39,galanz,drum,1,news,neg,0
2015/39,galanz,drum,1,news,pos,14
2015/39,galanz,drum,2,blog,neg,0
2015/39,galanz,drum,2,blog,pos,0
2015/39,galanz,drum,5,community,neg,0
2015/39,galanz,drum,5,community,pos,0
2015/39,galanz,drum,7,bbs,neg,0
2015/39,galanz,drum,7,bbs,pos,1
2015/39,galanz,drum,9,weibo,neg,0
2015/39,galanz,drum,9,weibo,pos,0
2015/39,galanz,drum,z,others,neg,0
2015/39,galanz,drum,z,others,pos,0
2015/39,haier,bolun,0,wiki,neg,7
2015/39,haier,bolun,0,wiki,pos,0
2015/39,haier,bolun,1,news,neg,0
2015/39,haier,bolun,1,news,pos,40
2015/39,haier,bolun,2,blog,neg,0
2015/39,haier,bolun,2,blog,pos,0
2015/39,haier,bolun,5,community,neg,0
2015/39,haier,bolun,5,community,pos,0
2015/39,haier,bolun,7,bbs,neg,2
2015/39,haier,bolun,7,bbs,pos,0
2015/39,haier,bolun,9,weibo,neg,1
2015/39,haier,bolun,9,weibo,pos,0
2015/39,haier,bolun,z,others,neg,0
2015/39,haier,bolun,z,others,pos,2
2015/39,haier,drum,0,wiki,neg,33
2015/39,haier,drum,0,wiki,pos,0
2015/39,haier,drum,1,news,neg,0
2015/39,haier,drum,1,news,pos,96
2015/39,haier,drum,2,blog,neg,0
2015/39,haier,drum,2,blog,pos,0
2015/39,haier,drum,5,community,neg,0
2015/39,haier,drum,5,community,pos,0
2015/39,haier,drum,7,bbs,neg,13
2015/39,haier,drum,7,bbs,pos,3
2015/39,haier,drum,9,weibo,neg,4
2015/39,haier,drum,9,weibo,pos,0
2015/39,haier,drum,z,others,neg,0
2015/39,haier,drum,z,others,pos,2
2015/39,hisense,bolun,0,wiki,neg,0
2015/39,hisense,bolun,0,wiki,pos,0
2015/39,hisense,bolun,1,news,neg,0
2015/39,hisense,bolun,1,news,pos,0
2015/39,hisense,bolun,2,blog,neg,0
2015/39,hisense,bolun,2,blog,pos,0
2015/39,hisense,bolun,5,community,neg,0
2015/39,hisense,bolun,5,community,pos,0
2015/39,hisense,bolun,7,bbs,neg,0
2015/39,hisense,bolun,7,bbs,pos,0
2015/39,hisense,bolun,9,weibo,neg,0
2015/39,hisense,bolun,9,weibo,pos,0
2015/39,hisense,bolun,z,others,neg,0
2015/39,hisense,bolun,z,others,pos,0
2015/39,hisense,drum,0,wiki,neg,2
2015/39,hisense,drum,0,wiki,pos,0
2015/39,hisense,drum,1,news,neg,0
2015/39,hisense,drum,1,news,pos,5
2015/39,hisense,drum,2,blog,neg,0
2015/39,hisense,drum,2,blog,pos,0
2015/39,hisense,drum,5,community,neg,0
2015/39,hisense,drum,5,community,pos,0
2015/39,hisense,drum,7,bbs,neg,0
2015/39,hisense,drum,7,bbs,pos,1
2015/39,hisense,drum,9,weibo,neg,0
2015/39,hisense,drum,9,weibo,pos,0
2015/39,hisense,drum,z,others,neg,0
2015/39,hisense,drum,z,others,pos,0
2015/39,lg,bolun,0,wiki,neg,1
2015/39,lg,bolun,0,wiki,pos,0
2015/39,lg,bolun,1,news,neg,0
2015/39,lg,bolun,1,news,pos,0
2015/39,lg,bolun,2,blog,neg,0
2015/39,lg,bolun,2,blog,pos,0
2015/39,lg,bolun,5,community,neg,0
2015/39,lg,bolun,5,community,pos,0
2015/39,lg,bolun,7,bbs,neg,0
2015/39,lg,bolun,7,bbs,pos,0
2015/39,lg,bolun,9,weibo,neg,0
2015/39,lg,bolun,9,weibo,pos,0
2015/39,lg,bolun,z,others,neg,0
2015/39,lg,bolun,z,others,pos,0
2015/39,lg,drum,0,wiki,neg,0
2015/39,lg,drum,0,wiki,pos,10
2015/39,lg,drum,1,news,neg,27
2015/39,lg,drum,1,news,pos,0
2015/39,lg,drum,2,blog,neg,0
2015/39,lg,drum,2,blog,pos,0
2015/39,lg,drum,5,community,neg,0
2015/39,lg,drum,5,community,pos,0
2015/39,lg,drum,7,bbs,neg,2
2015/39,lg,drum,7,bbs,pos,3
2015/39,lg,drum,9,weibo,neg,0
2015/39,lg,drum,9,weibo,pos,1
2015/39,lg,drum,z,others,neg,0
2015/39,lg,drum,z,others,pos,0
2015/39,sanyo,bolun,0,wiki,neg,1
2015/39,sanyo,bolun,0,wiki,pos,0
2015/39,sanyo,bolun,1,news,neg,0
2015/39,sanyo,bolun,1,news,pos,0
2015/39,sanyo,bolun,2,blog,neg,0
2015/39,sanyo,bolun,2,blog,pos,0
2015/39,sanyo,bolun,5,community,neg,0
2015/39,sanyo,bolun,5,community,pos,0
2015/39,sanyo,bolun,7,bbs,neg,0
2015/39,sanyo,bolun,7,bbs,pos,0
2015/39,sanyo,bolun,9,weibo,neg,0
2015/39,sanyo,bolun,9,weibo,pos,0
2015/39,sanyo,bolun,z,others,neg,0
2015/39,sanyo,bolun,z,others,pos,0
2015/39,sanyo,drum,0,wiki,neg,12
2015/39,sanyo,drum,0,wiki,pos,0
2015/39,sanyo,drum,1,news,neg,0
2015/39,sanyo,drum,1,news,pos,2
2015/39,sanyo,drum,2,blog,neg,0
2015/39,sanyo,drum,2,blog,pos,0
2015/39,sanyo,drum,5,community,neg,0
2015/39,sanyo,drum,5,community,pos,0
2015/39,sanyo,drum,7,bbs,neg,2
2015/39,sanyo,drum,7,bbs,pos,0
2015/39,sanyo,drum,9,weibo,neg,0
2015/39,sanyo,drum,9,weibo,pos,0
2015/39,sanyo,drum,z,others,neg,0
2015/39,sanyo,drum,z,others,pos,0
2015/39,siemens,bolun,0,wiki,neg,0
2015/39,siemens,bolun,0,wiki,pos,0
2015/39,siemens,bolun,1,news,neg,0
2015/39,siemens,bolun,1,news,pos,0
2015/39,siemens,bolun,2,blog,neg,0
2015/39,siemens,bolun,2,blog,pos,0
2015/39,siemens,bolun,5,community,neg,0
2015/39,siemens,bolun,5,community,pos,0
2015/39,siemens,bolun,7,bbs,neg,0
2015/39,siemens,bolun,7,bbs,pos,0
2015/39,siemens,bolun,9,weibo,neg,1
2015/39,siemens,bolun,9,weibo,pos,0
2015/39,siemens,bolun,z,others,neg,0
2015/39,siemens,bolun,z,others,pos,0
2015/39,siemens,drum,0,wiki,neg,19
2015/39,siemens,drum,0,wiki,pos,0
2015/39,siemens,drum,1,news,neg,0
2015/39,siemens,drum,1,news,pos,27
2015/39,siemens,drum,2,blog,neg,0
2015/39,siemens,drum,2,blog,pos,0
2015/39,siemens,drum,5,community,neg,0
2015/39,siemens,drum,5,community,pos,0
2015/39,siemens,drum,7,bbs,neg,10
2015/39,siemens,drum,7,bbs,pos,0
2015/39,siemens,drum,9,weibo,neg,3
2015/39,siemens,drum,9,weibo,pos,0
2015/39,siemens,drum,z,others,neg,0
2015/39,siemens,drum,z,others,pos,0
2015/40,galanz,bolun,0,wiki,neg,0
2015/40,galanz,bolun,0,wiki,pos,0
2015/40,galanz,bolun,1,news,neg,0
2015/40,galanz,bolun,1,news,pos,0
2015/40,galanz,bolun,2,blog,neg,0
2015/40,galanz,bolun,2,blog,pos,0
2015/40,galanz,bolun,5,community,neg,0
2015/40,galanz,bolun,5,community,pos,0
2015/40,galanz,bolun,7,bbs,neg,0
2015/40,galanz,bolun,7,bbs,pos,0
2015/40,galanz,bolun,9,weibo,neg,0
2015/40,galanz,bolun,9,weibo,pos,0
2015/40,galanz,bolun,z,others,neg,0
2015/40,galanz,bolun,z,others,pos,0
2015/40,galanz,drum,0,wiki,neg,0
2015/40,galanz,drum,0,wiki,pos,0
2015/40,galanz,drum,1,news,neg,0
2015/40,galanz,drum,1,news,pos,9
2015/40,galanz,drum,2,blog,neg,0
2015/40,galanz,drum,2,blog,pos,0
2015/40,galanz,drum,5,community,neg,0
2015/40,galanz,drum,5,community,pos,0
2015/40,galanz,drum,7,bbs,neg,0
2015/40,galanz,drum,7,bbs,pos,0
2015/40,galanz,drum,9,weibo,neg,0
2015/40,galanz,drum,9,weibo,pos,0
2015/40,galanz,drum,z,others,neg,0
2015/40,galanz,drum,z,others,pos,0
2015/40,haier,bolun,0,wiki,neg,7
2015/40,haier,bolun,0,wiki,pos,0
2015/40,haier,bolun,1,news,neg,0
2015/40,haier,bolun,1,news,pos,13
2015/40,haier,bolun,2,blog,neg,0
2015/40,haier,bolun,2,blog,pos,0
2015/40,haier,bolun,5,community,neg,0
2015/40,haier,bolun,5,community,pos,0
2015/40,haier,bolun,7,bbs,neg,2
2015/40,haier,bolun,7,bbs,pos,1
2015/40,haier,bolun,9,weibo,neg,5
2015/40,haier,bolun,9,weibo,pos,0
2015/40,haier,bolun,z,others,neg,0
2015/40,haier,bolun,z,others,pos,0
2015/40,haier,drum,0,wiki,neg,51
2015/40,haier,drum,0,wiki,pos,0
2015/40,haier,drum,1,news,neg,0
2015/40,haier,drum,1,news,pos,25
2015/40,haier,drum,2,blog,neg,0
2015/40,haier,drum,2,blog,pos,0
2015/40,haier,drum,5,community,neg,0
2015/40,haier,drum,5,community,pos,0
2015/40,haier,drum,7,bbs,neg,0
2015/40,haier,drum,7,bbs,pos,1
2015/40,haier,drum,9,weibo,neg,1
2015/40,haier,drum,9,weibo,pos,0
2015/40,haier,drum,z,others,neg,0
2015/40,haier,drum,z,others,pos,0
2015/40,hisense,bolun,0,wiki,neg,0
2015/40,hisense,bolun,0,wiki,pos,0
2015/40,hisense,bolun,1,news,neg,0
2015/40,hisense,bolun,1,news,pos,0
2015/40,hisense,bolun,2,blog,neg,0
2015/40,hisense,bolun,2,blog,pos,0
2015/40,hisense,bolun,5,community,neg,0
2015/40,hisense,bolun,5,community,pos,0
2015/40,hisense,bolun,7,bbs,neg,0
2015/40,hisense,bolun,7,bbs,pos,0
2015/40,hisense,bolun,9,weibo,neg,0
2015/40,hisense,bolun,9,weibo,pos,0
2015/40,hisense,bolun,z,others,neg,0
2015/40,hisense,bolun,z,others,pos,0
2015/40,hisense,drum,0,wiki,neg,4
2015/40,hisense,drum,0,wiki,pos,0
2015/40,hisense,drum,1,news,neg,0
2015/40,hisense,drum,1,news,pos,3
2015/40,hisense,drum,2,blog,neg,0
2015/40,hisense,drum,2,blog,pos,0
2015/40,hisense,drum,5,community,neg,0
2015/40,hisense,drum,5,community,pos,0
2015/40,hisense,drum,7,bbs,neg,0
2015/40,hisense,drum,7,bbs,pos,0
2015/40,hisense,drum,9,weibo,neg,0
2015/40,hisense,drum,9,weibo,pos,0
2015/40,hisense,drum,z,others,neg,0
2015/40,hisense,drum,z,others,pos,0
2015/40,lg,bolun,0,wiki,neg,0
2015/40,lg,bolun,0,wiki,pos,0
2015/40,lg,bolun,1,news,neg,0
2015/40,lg,bolun,1,news,pos,0
2015/40,lg,bolun,2,blog,neg,0
2015/40,lg,bolun,2,blog,pos,0
2015/40,lg,bolun,5,community,neg,0
2015/40,lg,bolun,5,community,pos,0
2015/40,lg,bolun,7,bbs,neg,1
2015/40,lg,bolun,7,bbs,pos,0
2015/40,lg,bolun,9,weibo,neg,0
2015/40,lg,bolun,9,weibo,pos,0
2015/40,lg,bolun,z,others,neg,0
2015/40,lg,bolun,z,others,pos,0
2015/40,lg,drum,0,wiki,neg,1
2015/40,lg,drum,0,wiki,pos,21
2015/40,lg,drum,1,news,neg,14
2015/40,lg,drum,1,news,pos,0
2015/40,lg,drum,2,blog,neg,0
2015/40,lg,drum,2,blog,pos,0
2015/40,lg,drum,5,community,neg,0
2015/40,lg,drum,5,community,pos,0
2015/40,lg,drum,7,bbs,neg,1
2015/40,lg,drum,7,bbs,pos,3
2015/40,lg,drum,9,weibo,neg,1
2015/40,lg,drum,9,weibo,pos,1
2015/40,lg,drum,z,others,neg,0
2015/40,lg,drum,z,others,pos,0
2015/40,sanyo,bolun,0,wiki,neg,2
2015/40,sanyo,bolun,0,wiki,pos,0
2015/40,sanyo,bolun,1,news,neg,0
2015/40,sanyo,bolun,1,news,pos,1
2015/40,sanyo,bolun,2,blog,neg,0
2015/40,sanyo,bolun,2,blog,pos,0
2015/40,sanyo,bolun,5,community,neg,0
2015/40,sanyo,bolun,5,community,pos,0
2015/40,sanyo,bolun,7,bbs,neg,0
2015/40,sanyo,bolun,7,bbs,pos,0
2015/40,sanyo,bolun,9,weibo,neg,0
2015/40,sanyo,bolun,9,weibo,pos,0
2015/40,sanyo,bolun,z,others,neg,0
2015/40,sanyo,bolun,z,others,pos,0
2015/40,sanyo,drum,0,wiki,neg,12
2015/40,sanyo,drum,0,wiki,pos,1
2015/40,sanyo,drum,1,news,neg,0
2015/40,sanyo,drum,1,news,pos,5
2015/40,sanyo,drum,2,blog,neg,0
2015/40,sanyo,drum,2,blog,pos,0
2015/40,sanyo,drum,5,community,neg,0
2015/40,sanyo,drum,5,community,pos,0
2015/40,sanyo,drum,7,bbs,neg,0
2015/40,sanyo,drum,7,bbs,pos,0
2015/40,sanyo,drum,9,weibo,neg,0
2015/40,sanyo,drum,9,weibo,pos,0
2015/40,sanyo,drum,z,others,neg,0
2015/40,sanyo,drum,z,others,pos,0
2015/40,siemens,bolun,0,wiki,neg,1
2015/40,siemens,bolun,0,wiki,pos,0
2015/40,siemens,bolun,1,news,neg,0
2015/40,siemens,bolun,1,news,pos,1
2015/40,siemens,bolun,2,blog,neg,0
2015/40,siemens,bolun,2,blog,pos,0
2015/40,siemens,bolun,5,community,neg,0
2015/40,siemens,bolun,5,community,pos,0
2015/40,siemens,bolun,7,bbs,neg,0
2015/40,siemens,bolun,7,bbs,pos,0
2015/40,siemens,bolun,9,weibo,neg,0
2015/40,siemens,bolun,9,weibo,pos,0
2015/40,siemens,bolun,z,others,neg,0
2015/40,siemens,bolun,z,others,pos,0
2015/40,siemens,drum,0,wiki,neg,28
2015/40,siemens,drum,0,wiki,pos,0
2015/40,siemens,drum,1,news,neg,0
2015/40,siemens,drum,1,news,pos,15
2015/40,siemens,drum,2,blog,neg,0
2015/40,siemens,drum,2,blog,pos,0
2015/40,siemens,drum,5,community,neg,0
2015/40,siemens,drum,5,community,pos,0
2015/40,siemens,drum,7,bbs,neg,1
2015/40,siemens,drum,7,bbs,pos,0
2015/40,siemens,drum,9,weibo,neg,0
2015/40,siemens,drum,9,weibo,pos,0
2015/40,siemens,drum,z,others,neg,0
2015/40,siemens,drum,z,others,pos,0
2015/41,galanz,bolun,0,wiki,neg,0
2015/41,galanz,bolun,0,wiki,pos,0
2015/41,galanz,bolun,1,news,neg,0
2015/41,galanz,bolun,1,news,pos,0
2015/41,galanz,bolun,2,blog,neg,0
2015/41,galanz,bolun,2,blog,pos,0
2015/41,galanz,bolun,5,community,neg,0
2015/41,galanz,bolun,5,community,pos,0
2015/41,galanz,bolun,7,bbs,neg,0
2015/41,galanz,bolun,7,bbs,pos,0
2015/41,galanz,bolun,9,weibo,neg,0
2015/41,galanz,bolun,9,weibo,pos,0
2015/41,galanz,bolun,z,others,neg,0
2015/41,galanz,bolun,z,others,pos,0
2015/41,galanz,drum,0,wiki,neg,0
2015/41,galanz,drum,0,wiki,pos,0
2015/41,galanz,drum,1,news,neg,0
2015/41,galanz,drum,1,news,pos,1
2015/41,galanz,drum,2,blog,neg,0
2015/41,galanz,drum,2,blog,pos,0
2015/41,galanz,drum,5,community,neg,0
2015/41,galanz,drum,5,community,pos,0
2015/41,galanz,drum,7,bbs,neg,0
2015/41,galanz,drum,7,bbs,pos,0
2015/41,galanz,drum,9,weibo,neg,0
2015/41,galanz,drum,9,weibo,pos,0
2015/41,galanz,drum,z,others,neg,0
2015/41,galanz,drum,z,others,pos,0
2015/41,haier,bolun,0,wiki,neg,11
2015/41,haier,bolun,0,wiki,pos,0
2015/41,haier,bolun,1,news,neg,0
2015/41,haier,bolun,1,news,pos,15
2015/41,haier,bolun,2,blog,neg,0
2015/41,haier,bolun,2,blog,pos,0
2015/41,haier,bolun,5,community,neg,0
2015/41,haier,bolun,5,community,pos,0
2015/41,haier,bolun,7,bbs,neg,5
2015/41,haier,bolun,7,bbs,pos,0
2015/41,haier,bolun,9,weibo,neg,0
2015/41,haier,bolun,9,weibo,pos,1
2015/41,haier,bolun,z,others,neg,0
2015/41,haier,bolun,z,others,pos,1
2015/41,haier,drum,0,wiki,neg,44
2015/41,haier,drum,0,wiki,pos,1
2015/41,haier,drum,1,news,neg,0
2015/41,haier,drum,1,news,pos,16
2015/41,haier,drum,2,blog,neg,0
2015/41,haier,drum,2,blog,pos,0
2015/41,haier,drum,5,community,neg,0
2015/41,haier,drum,5,community,pos,0
2015/41,haier,drum,7,bbs,neg,12
2015/41,haier,drum,7,bbs,pos,1
2015/41,haier,drum,9,weibo,neg,2
2015/41,haier,drum,9,weibo,pos,0
2015/41,haier,drum,z,others,neg,0
2015/41,haier,drum,z,others,pos,0
2015/41,hisense,bolun,0,wiki,neg,0
2015/41,hisense,bolun,0,wiki,pos,1
2015/41,hisense,bolun,1,news,neg,0
2015/41,hisense,bolun,1,news,pos,0
2015/41,hisense,bolun,2,blog,neg,0
2015/41,hisense,bolun,2,blog,pos,0
2015/41,hisense,bolun,5,community,neg,0
2015/41,hisense,bolun,5,community,pos,0
2015/41,hisense,bolun,7,bbs,neg,0
2015/41,hisense,bolun,7,bbs,pos,0
2015/41,hisense,bolun,9,weibo,neg,0
2015/41,hisense,bolun,9,weibo,pos,0
2015/41,hisense,bolun,z,others,neg,0
2015/41,hisense,bolun,z,others,pos,0
2015/41,hisense,drum,0,wiki,neg,5
2015/41,hisense,drum,0,wiki,pos,0
2015/41,hisense,drum,1,news,neg,0
2015/41,hisense,drum,1,news,pos,8
2015/41,hisense,drum,2,blog,neg,0
2015/41,hisense,drum,2,blog,pos,0
2015/41,hisense,drum,5,community,neg,0
2015/41,hisense,drum,5,community,pos,0
2015/41,hisense,drum,7,bbs,neg,0
2015/41,hisense,drum,7,bbs,pos,0
2015/41,hisense,drum,9,weibo,neg,0
2015/41,hisense,drum,9,weibo,pos,0
2015/41,hisense,drum,z,others,neg,0
2015/41,hisense,drum,z,others,pos,0
2015/41,lg,bolun,0,wiki,neg,1
2015/41,lg,bolun,0,wiki,pos,0
2015/41,lg,bolun,1,news,neg,0
2015/41,lg,bolun,1,news,pos,0
2015/41,lg,bolun,2,blog,neg,0
2015/41,lg,bolun,2,blog,pos,0
2015/41,lg,bolun,5,community,neg,0
2015/41,lg,bolun,5,community,pos,0
2015/41,lg,bolun,7,bbs,neg,1
2015/41,lg,bolun,7,bbs,pos,0
2015/41,lg,bolun,9,weibo,neg,0
2015/41,lg,bolun,9,weibo,pos,0
2015/41,lg,bolun,z,others,neg,0
2015/41,lg,bolun,z,others,pos,0
2015/41,lg,drum,0,wiki,neg,0
2015/41,lg,drum,0,wiki,pos,15
2015/41,lg,drum,1,news,neg,7
2015/41,lg,drum,1,news,pos,0
2015/41,lg,drum,2,blog,neg,0
2015/41,lg,drum,2,blog,pos,0
2015/41,lg,drum,5,community,neg,0
2015/41,lg,drum,5,community,pos,0
2015/41,lg,drum,7,bbs,neg,2
2015/41,lg,drum,7,bbs,pos,11
2015/41,lg,drum,9,weibo,neg,0
2015/41,lg,drum,9,weibo,pos,1
2015/41,lg,drum,z,others,neg,0
2015/41,lg,drum,z,others,pos,0
2015/41,sanyo,bolun,0,wiki,neg,1
2015/41,sanyo,bolun,0,wiki,pos,0
2015/41,sanyo,bolun,1,news,neg,0
2015/41,sanyo,bolun,1,news,pos,0
2015/41,sanyo,bolun,2,blog,neg,0
2015/41,sanyo,bolun,2,blog,pos,0
2015/41,sanyo,bolun,5,community,neg,0
2015/41,sanyo,bolun,5,community,pos,0
2015/41,sanyo,bolun,7,bbs,neg,1
2015/41,sanyo,bolun,7,bbs,pos,0
2015/41,sanyo,bolun,9,weibo,neg,0
2015/41,sanyo,bolun,9,weibo,pos,0
2015/41,sanyo,bolun,z,others,neg,0
2015/41,sanyo,bolun,z,others,pos,0
2015/41,sanyo,drum,0,wiki,neg,19
2015/41,sanyo,drum,0,wiki,pos,1
2015/41,sanyo,drum,1,news,neg,0
2015/41,sanyo,drum,1,news,pos,0
2015/41,sanyo,drum,2,blog,neg,0
2015/41,sanyo,drum,2,blog,pos,0
2015/41,sanyo,drum,5,community,neg,0
2015/41,sanyo,drum,5,community,pos,0
2015/41,sanyo,drum,7,bbs,neg,3
2015/41,sanyo,drum,7,bbs,pos,0
2015/41,sanyo,drum,9,weibo,neg,0
2015/41,sanyo,drum,9,weibo,pos,0
2015/41,sanyo,drum,z,others,neg,0
2015/41,sanyo,drum,z,others,pos,0
2015/41,siemens,bolun,0,wiki,neg,0
2015/41,siemens,bolun,0,wiki,pos,0
2015/41,siemens,bolun,1,news,neg,0
2015/41,siemens,bolun,1,news,pos,0
2015/41,siemens,bolun,2,blog,neg,0
2015/41,siemens,bolun,2,blog,pos,0
2015/41,siemens,bolun,5,community,neg,0
2015/41,siemens,bolun,5,community,pos,0
2015/41,siemens,bolun,7,bbs,neg,0
2015/41,siemens,bolun,7,bbs,pos,0
2015/41,siemens,bolun,9,weibo,neg,0
2015/41,siemens,bolun,9,weibo,pos,0
2015/41,siemens,bolun,z,others,neg,0
2015/41,siemens,bolun,z,others,pos,0
2015/41,siemens,drum,0,wiki,neg,27
2015/41,siemens,drum,0,wiki,pos,1
2015/41,siemens,drum,1,news,neg,0
2015/41,siemens,drum,1,news,pos,6
2015/41,siemens,drum,2,blog,neg,0
2015/41,siemens,drum,2,blog,pos,0
2015/41,siemens,drum,5,community,neg,0
2015/41,siemens,drum,5,community,pos,0
2015/41,siemens,drum,7,bbs,neg,9
2015/41,siemens,drum,7,bbs,pos,0
2015/41,siemens,drum,9,weibo,neg,1
2015/41,siemens,drum,9,weibo,pos,0
2015/41,siemens,drum,z,others,neg,0
2015/41,siemens,drum,z,others,pos,0
2015/42,galanz,bolun,0,wiki,neg,0
2015/42,galanz,bolun,0,wiki,pos,0
2015/42,galanz,bolun,1,news,neg,0
2015/42,galanz,bolun,1,news,pos,0
2015/42,galanz,bolun,2,blog,neg,0
2015/42,galanz,bolun,2,blog,pos,0
2015/42,galanz,bolun,5,community,neg,0
2015/42,galanz,bolun,5,community,pos,0
2015/42,galanz,bolun,7,bbs,neg,0
2015/42,galanz,bolun,7,bbs,pos,0
2015/42,galanz,bolun,9,weibo,neg,0
2015/42,galanz,bolun,9,weibo,pos,0
2015/42,galanz,bolun,z,others,neg,0
2015/42,galanz,bolun,z,others,pos,0
2015/42,galanz,drum,0,wiki,neg,1
2015/42,galanz,drum,0,wiki,pos,0
2015/42,galanz,drum,1,news,neg,0
2015/42,galanz,drum,1,news,pos,17
2015/42,galanz,drum,2,blog,neg,0
2015/42,galanz,drum,2,blog,pos,0
2015/42,galanz,drum,5,community,neg,0
2015/42,galanz,drum,5,community,pos,0
2015/42,galanz,drum,7,bbs,neg,0
2015/42,galanz,drum,7,bbs,pos,0
2015/42,galanz,drum,9,weibo,neg,0
2015/42,galanz,drum,9,weibo,pos,0
2015/42,galanz,drum,z,others,neg,0
2015/42,galanz,drum,z,others,pos,0
2015/42,haier,bolun,0,wiki,neg,10
2015/42,haier,bolun,0,wiki,pos,2
2015/42,haier,bolun,1,news,neg,0
2015/42,haier,bolun,1,news,pos,18
2015/42,haier,bolun,2,blog,neg,0
2015/42,haier,bolun,2,blog,pos,0
2015/42,haier,bolun,5,community,neg,0
2015/42,haier,bolun,5,community,pos,0
2015/42,haier,bolun,7,bbs,neg,2
2015/42,haier,bolun,7,bbs,pos,4
2015/42,haier,bolun,9,weibo,neg,1
2015/42,haier,bolun,9,weibo,pos,0
2015/42,haier,bolun,z,others,neg,0
2015/42,haier,bolun,z,others,pos,1
2015/42,haier,drum,0,wiki,neg,37
2015/42,haier,drum,0,wiki,pos,1
2015/42,haier,drum,1,news,neg,0
2015/42,haier,drum,1,news,pos,101
2015/42,haier,drum,2,blog,neg,0
2015/42,haier,drum,2,blog,pos,0
2015/42,haier,drum,5,community,neg,0
2015/42,haier,drum,5,community,pos,0
2015/42,haier,drum,7,bbs,neg,52
2015/42,haier,drum,7,bbs,pos,16
2015/42,haier,drum,9,weibo,neg,2
2015/42,haier,drum,9,weibo,pos,2
2015/42,haier,drum,z,others,neg,0
2015/42,haier,drum,z,others,pos,2
2015/42,hisense,bolun,0,wiki,neg,0
2015/42,hisense,bolun,0,wiki,pos,1
2015/42,hisense,bolun,1,news,neg,0
2015/42,hisense,bolun,1,news,pos,0
2015/42,hisense,bolun,2,blog,neg,0
2015/42,hisense,bolun,2,blog,pos,0
2015/42,hisense,bolun,5,community,neg,0
2015/42,hisense,bolun,5,community,pos,0
2015/42,hisense,bolun,7,bbs,neg,0
2015/42,hisense,bolun,7,bbs,pos,0
2015/42,hisense,bolun,9,weibo,neg,0
2015/42,hisense,bolun,9,weibo,pos,0
2015/42,hisense,bolun,z,others,neg,0
2015/42,hisense,bolun,z,others,pos,0
2015/42,hisense,drum,0,wiki,neg,9
2015/42,hisense,drum,0,wiki,pos,0
2015/42,hisense,drum,1,news,neg,0
2015/42,hisense,drum,1,news,pos,22
2015/42,hisense,drum,2,blog,neg,0
2015/42,hisense,drum,2,blog,pos,0
2015/42,hisense,drum,5,community,neg,0
2015/42,hisense,drum,5,community,pos,0
2015/42,hisense,drum,7,bbs,neg,2
2015/42,hisense,drum,7,bbs,pos,0
2015/42,hisense,drum,9,weibo,neg,0
2015/42,hisense,drum,9,weibo,pos,0
2015/42,hisense,drum,z,others,neg,0
2015/42,hisense,drum,z,others,pos,0
2015/42,lg,bolun,0,wiki,neg,0
2015/42,lg,bolun,0,wiki,pos,0
2015/42,lg,bolun,1,news,neg,0
2015/42,lg,bolun,1,news,pos,0
2015/42,lg,bolun,2,blog,neg,0
2015/42,lg,bolun,2,blog,pos,0
2015/42,lg,bolun,5,community,neg,0
2015/42,lg,bolun,5,community,pos,0
2015/42,lg,bolun,7,bbs,neg,0
2015/42,lg,bolun,7,bbs,pos,1
2015/42,lg,bolun,9,weibo,neg,0
2015/42,lg,bolun,9,weibo,pos,0
2015/42,lg,bolun,z,others,neg,0
2015/42,lg,bolun,z,others,pos,0
2015/42,lg,drum,0,wiki,neg,0
2015/42,lg,drum,0,wiki,pos,8
2015/42,lg,drum,1,news,neg,6
2015/42,lg,drum,1,news,pos,0
2015/42,lg,drum,2,blog,neg,0
2015/42,lg,drum,2,blog,pos,0
2015/42,lg,drum,5,community,neg,0
2015/42,lg,drum,5,community,pos,0
2015/42,lg,drum,7,bbs,neg,1
2015/42,lg,drum,7,bbs,pos,5
2015/42,lg,drum,9,weibo,neg,0
2015/42,lg,drum,9,weibo,pos,0
2015/42,lg,drum,z,others,neg,0
2015/42,lg,drum,z,others,pos,0
2015/42,sanyo,bolun,0,wiki,neg,2
2015/42,sanyo,bolun,0,wiki,pos,0
2015/42,sanyo,bolun,1,news,neg,0
2015/42,sanyo,bolun,1,news,pos,0
2015/42,sanyo,bolun,2,blog,neg,0
2015/42,sanyo,bolun,2,blog,pos,0
2015/42,sanyo,bolun,5,community,neg,0
2015/42,sanyo,bolun,5,community,pos,0
2015/42,sanyo,bolun,7,bbs,neg,0
2015/42,sanyo,bolun,7,bbs,pos,0
2015/42,sanyo,bolun,9,weibo,neg,0
2015/42,sanyo,bolun,9,weibo,pos,0
2015/42,sanyo,bolun,z,others,neg,0
2015/42,sanyo,bolun,z,others,pos,0
2015/42,sanyo,drum,0,wiki,neg,11
2015/42,sanyo,drum,0,wiki,pos,0
2015/42,sanyo,drum,1,news,neg,0
2015/42,sanyo,drum,1,news,pos,18
2015/42,sanyo,drum,2,blog,neg,0
2015/42,sanyo,drum,2,blog,pos,0
2015/42,sanyo,drum,5,community,neg,0
2015/42,sanyo,drum,5,community,pos,0
2015/42,sanyo,drum,7,bbs,neg,2
2015/42,sanyo,drum,7,bbs,pos,1
2015/42,sanyo,drum,9,weibo,neg,0
2015/42,sanyo,drum,9,weibo,pos,0
2015/42,sanyo,drum,z,others,neg,0
2015/42,sanyo,drum,z,others,pos,0
2015/42,siemens,bolun,0,wiki,neg,0
2015/42,siemens,bolun,0,wiki,pos,0
2015/42,siemens,bolun,1,news,neg,0
2015/42,siemens,bolun,1,news,pos,0
2015/42,siemens,bolun,2,blog,neg,0
2015/42,siemens,bolun,2,blog,pos,0
2015/42,siemens,bolun,5,community,neg,0
2015/42,siemens,bolun,5,community,pos,0
2015/42,siemens,bolun,7,bbs,neg,0
2015/42,siemens,bolun,7,bbs,pos,0
2015/42,siemens,bolun,9,weibo,neg,0
2015/42,siemens,bolun,9,weibo,pos,0
2015/42,siemens,bolun,z,others,neg,0
2015/42,siemens,bolun,z,others,pos,0
2015/42,siemens,drum,0,wiki,neg,31
2015/42,siemens,drum,0,wiki,pos,0
2015/42,siemens,drum,1,news,neg,0
2015/42,siemens,drum,1,news,pos,16
2015/42,siemens,drum,2,blog,neg,0
2015/42,siemens,drum,2,blog,pos,0
2015/42,siemens,drum,5,community,neg,0
2015/42,siemens,drum,5,community,pos,0
2015/42,siemens,drum,7,bbs,neg,5
2015/42,siemens,drum,7,bbs,pos,1
2015/42,siemens,drum,9,weibo,neg,1
2015/42,siemens,drum,9,weibo,pos,0
2015/42,siemens,drum,z,others,neg,0
2015/42,siemens,drum,z,others,pos,0
2015/43,galanz,bolun,0,wiki,neg,0
2015/43,galanz,bolun,0,wiki,pos,0
2015/43,galanz,bolun,1,news,neg,0
2015/43,galanz,bolun,1,news,pos,0
2015/43,galanz,bolun,2,blog,neg,0
2015/43,galanz,bolun,2,blog,pos,0
2015/43,galanz,bolun,5,community,neg,0
2015/43,galanz,bolun,5,community,pos,0
2015/43,galanz,bolun,7,bbs,neg,0
2015/43,galanz,bolun,7,bbs,pos,0
2015/43,galanz,bolun,9,weibo,neg,0
2015/43,galanz,bolun,9,weibo,pos,0
2015/43,galanz,bolun,z,others,neg,0
2015/43,galanz,bolun,z,others,pos,0
2015/43,galanz,drum,0,wiki,neg,0
2015/43,galanz,drum,0,wiki,pos,0
2015/43,galanz,drum,1,news,neg,1
2015/43,galanz,drum,1,news,pos,2
2015/43,galanz,drum,2,blog,neg,0
2015/43,galanz,drum,2,blog,pos,0
2015/43,galanz,drum,5,community,neg,0
2015/43,galanz,drum,5,community,pos,0
2015/43,galanz,drum,7,bbs,neg,0
2015/43,galanz,drum,7,bbs,pos,0
2015/43,galanz,drum,9,weibo,neg,0
2015/43,galanz,drum,9,weibo,pos,0
2015/43,galanz,drum,z,others,neg,0
2015/43,galanz,drum,z,others,pos,0
2015/43,haier,bolun,0,wiki,neg,8
2015/43,haier,bolun,0,wiki,pos,1
2015/43,haier,bolun,1,news,neg,0
2015/43,haier,bolun,1,news,pos,43
2015/43,haier,bolun,2,blog,neg,0
2015/43,haier,bolun,2,blog,pos,0
2015/43,haier,bolun,5,community,neg,0
2015/43,haier,bolun,5,community,pos,0
2015/43,haier,bolun,7,bbs,neg,1
2015/43,haier,bolun,7,bbs,pos,1
2015/43,haier,bolun,9,weibo,neg,4
2015/43,haier,bolun,9,weibo,pos,0
2015/43,haier,bolun,z,others,neg,0
2015/43,haier,bolun,z,others,pos,3
2015/43,haier,drum,0,wiki,neg,39
2015/43,haier,drum,0,wiki,pos,0
2015/43,haier,drum,1,news,neg,1
2015/43,haier,drum,1,news,pos,44
2015/43,haier,drum,2,blog,neg,0
2015/43,haier,drum,2,blog,pos,1
2015/43,haier,drum,5,community,neg,0
2015/43,haier,drum,5,community,pos,0
2015/43,haier,drum,7,bbs,neg,38
2015/43,haier,drum,7,bbs,pos,15
2015/43,haier,drum,9,weibo,neg,2
2015/43,haier,drum,9,weibo,pos,0
2015/43,haier,drum,z,others,neg,0
2015/43,haier,drum,z,others,pos,1
2015/43,hisense,bolun,0,wiki,neg,1
2015/43,hisense,bolun,0,wiki,pos,0
2015/43,hisense,bolun,1,news,neg,0
2015/43,hisense,bolun,1,news,pos,20
2015/43,hisense,bolun,2,blog,neg,0
2015/43,hisense,bolun,2,blog,pos,0
2015/43,hisense,bolun,5,community,neg,0
2015/43,hisense,bolun,5,community,pos,0
2015/43,hisense,bolun,7,bbs,neg,0
2015/43,hisense,bolun,7,bbs,pos,0
2015/43,hisense,bolun,9,weibo,neg,0
2015/43,hisense,bolun,9,weibo,pos,0
2015/43,hisense,bolun,z,others,neg,0
2015/43,hisense,bolun,z,others,pos,0
2015/43,hisense,drum,0,wiki,neg,1
2015/43,hisense,drum,0,wiki,pos,0
2015/43,hisense,drum,1,news,neg,1
2015/43,hisense,drum,1,news,pos,21
2015/43,hisense,drum,2,blog,neg,0
2015/43,hisense,drum,2,blog,pos,0
2015/43,hisense,drum,5,community,neg,0
2015/43,hisense,drum,5,community,pos,0
2015/43,hisense,drum,7,bbs,neg,0
2015/43,hisense,drum,7,bbs,pos,1
2015/43,hisense,drum,9,weibo,neg,0
2015/43,hisense,drum,9,weibo,pos,0
2015/43,hisense,drum,z,others,neg,0
2015/43,hisense,drum,z,others,pos,0
2015/43,lg,bolun,0,wiki,neg,1
2015/43,lg,bolun,0,wiki,pos,0
2015/43,lg,bolun,1,news,neg,0
2015/43,lg,bolun,1,news,pos,0
2015/43,lg,bolun,2,blog,neg,0
2015/43,lg,bolun,2,blog,pos,0
2015/43,lg,bolun,5,community,neg,0
2015/43,lg,bolun,5,community,pos,0
2015/43,lg,bolun,7,bbs,neg,0
2015/43,lg,bolun,7,bbs,pos,0
2015/43,lg,bolun,9,weibo,neg,0
2015/43,lg,bolun,9,weibo,pos,0
2015/43,lg,bolun,z,others,neg,0
2015/43,lg,bolun,z,others,pos,0
2015/43,lg,drum,0,wiki,neg,0
2015/43,lg,drum,0,wiki,pos,8
2015/43,lg,drum,1,news,neg,5
2015/43,lg,drum,1,news,pos,0
2015/43,lg,drum,2,blog,neg,1
2015/43,lg,drum,2,blog,pos,0
2015/43,lg,drum,5,community,neg,0
2015/43,lg,drum,5,community,pos,0
2015/43,lg,drum,7,bbs,neg,2
2015/43,lg,drum,7,bbs,pos,5
2015/43,lg,drum,9,weibo,neg,0
2015/43,lg,drum,9,weibo,pos,1
2015/43,lg,drum,z,others,neg,0
2015/43,lg,drum,z,others,pos,0
2015/43,sanyo,bolun,0,wiki,neg,3
2015/43,sanyo,bolun,0,wiki,pos,0
2015/43,sanyo,bolun,1,news,neg,0
2015/43,sanyo,bolun,1,news,pos,1
2015/43,sanyo,bolun,2,blog,neg,0
2015/43,sanyo,bolun,2,blog,pos,0
2015/43,sanyo,bolun,5,community,neg,0
2015/43,sanyo,bolun,5,community,pos,0
2015/43,sanyo,bolun,7,bbs,neg,1
2015/43,sanyo,bolun,7,bbs,pos,0
2015/43,sanyo,bolun,9,weibo,neg,0
2015/43,sanyo,bolun,9,weibo,pos,0
2015/43,sanyo,bolun,z,others,neg,0
2015/43,sanyo,bolun,z,others,pos,0
2015/43,sanyo,drum,0,wiki,neg,17
2015/43,sanyo,drum,0,wiki,pos,0
2015/43,sanyo,drum,1,news,neg,0
2015/43,sanyo,drum,1,news,pos,7
2015/43,sanyo,drum,2,blog,neg,0
2015/43,sanyo,drum,2,blog,pos,0
2015/43,sanyo,drum,5,community,neg,0
2015/43,sanyo,drum,5,community,pos,0
2015/43,sanyo,drum,7,bbs,neg,1
2015/43,sanyo,drum,7,bbs,pos,1
2015/43,sanyo,drum,9,weibo,neg,0
2015/43,sanyo,drum,9,weibo,pos,0
2015/43,sanyo,drum,z,others,neg,0
2015/43,sanyo,drum,z,others,pos,0
2015/43,siemens,bolun,0,wiki,neg,0
2015/43,siemens,bolun,0,wiki,pos,0
2015/43,siemens,bolun,1,news,neg,0
2015/43,siemens,bolun,1,news,pos,1
2015/43,siemens,bolun,2,blog,neg,0
2015/43,siemens,bolun,2,blog,pos,0
2015/43,siemens,bolun,5,community,neg,0
2015/43,siemens,bolun,5,community,pos,0
2015/43,siemens,bolun,7,bbs,neg,0
2015/43,siemens,bolun,7,bbs,pos,0
2015/43,siemens,bolun,9,weibo,neg,0
2015/43,siemens,bolun,9,weibo,pos,0
2015/43,siemens,bolun,z,others,neg,0
2015/43,siemens,bolun,z,others,pos,0
2015/43,siemens,drum,0,wiki,neg,15
2015/43,siemens,drum,0,wiki,pos,1
2015/43,siemens,drum,1,news,neg,0
2015/43,siemens,drum,1,news,pos,36
2015/43,siemens,drum,2,blog,neg,0
2015/43,siemens,drum,2,blog,pos,1
2015/43,siemens,drum,5,community,neg,0
2015/43,siemens,drum,5,community,pos,0
2015/43,siemens,drum,7,bbs,neg,3
2015/43,siemens,drum,7,bbs,pos,1
2015/43,siemens,drum,9,weibo,neg,2
2015/43,siemens,drum,9,weibo,pos,0
2015/43,siemens,drum,z,others,neg,0
2015/43,siemens,drum,z,others,pos,0
2015/44,galanz,bolun,0,wiki,neg,0
2015/44,galanz,bolun,0,wiki,pos,0
2015/44,galanz,bolun,1,news,neg,0
2015/44,galanz,bolun,1,news,pos,0
2015/44,galanz,bolun,2,blog,neg,0
2015/44,galanz,bolun,2,blog,pos,0
2015/44,galanz,bolun,5,community,neg,0
2015/44,galanz,bolun,5,community,pos,0
2015/44,galanz,bolun,7,bbs,neg,0
2015/44,galanz,bolun,7,bbs,pos,0
2015/44,galanz,bolun,9,weibo,neg,0
2015/44,galanz,bolun,9,weibo,pos,0
2015/44,galanz,bolun,z,others,neg,0
2015/44,galanz,bolun,z,others,pos,0
2015/44,galanz,drum,0,wiki,neg,0
2015/44,galanz,drum,0,wiki,pos,0
2015/44,galanz,drum,1,news,neg,0
2015/44,galanz,drum,1,news,pos,7
2015/44,galanz,drum,2,blog,neg,0
2015/44,galanz,drum,2,blog,pos,0
2015/44,galanz,drum,5,community,neg,0
2015/44,galanz,drum,5,community,pos,0
2015/44,galanz,drum,7,bbs,neg,0
2015/44,galanz,drum,7,bbs,pos,0
2015/44,galanz,drum,9,weibo,neg,0
2015/44,galanz,drum,9,weibo,pos,0
2015/44,galanz,drum,z,others,neg,0
2015/44,galanz,drum,z,others,pos,0
2015/44,haier,bolun,0,wiki,neg,5
2015/44,haier,bolun,0,wiki,pos,0
2015/44,haier,bolun,1,news,neg,0
2015/44,haier,bolun,1,news,pos,26
2015/44,haier,bolun,2,blog,neg,0
2015/44,haier,bolun,2,blog,pos,0
2015/44,haier,bolun,5,community,neg,0
2015/44,haier,bolun,5,community,pos,0
2015/44,haier,bolun,7,bbs,neg,3
2015/44,haier,bolun,7,bbs,pos,4
2015/44,haier,bolun,9,weibo,neg,0
2015/44,haier,bolun,9,weibo,pos,0
2015/44,haier,bolun,z,others,neg,0
2015/44,haier,bolun,z,others,pos,2
2015/44,haier,drum,0,wiki,neg,20
2015/44,haier,drum,0,wiki,pos,0
2015/44,haier,drum,1,news,neg,0
2015/44,haier,drum,1,news,pos,5
2015/44,haier,drum,2,blog,neg,0
2015/44,haier,drum,2,blog,pos,0
2015/44,haier,drum,5,community,neg,0
2015/44,haier,drum,5,community,pos,0
2015/44,haier,drum,7,bbs,neg,27
2015/44,haier,drum,7,bbs,pos,7
2015/44,haier,drum,9,weibo,neg,0
2015/44,haier,drum,9,weibo,pos,0
2015/44,haier,drum,z,others,neg,0
2015/44,haier,drum,z,others,pos,0
2015/44,hisense,bolun,0,wiki,neg,0
2015/44,hisense,bolun,0,wiki,pos,0
2015/44,hisense,bolun,1,news,neg,0
2015/44,hisense,bolun,1,news,pos,6
2015/44,hisense,bolun,2,blog,neg,0
2015/44,hisense,bolun,2,blog,pos,0
2015/44,hisense,bolun,5,community,neg,0
2015/44,hisense,bolun,5,community,pos,0
2015/44,hisense,bolun,7,bbs,neg,0
2015/44,hisense,bolun,7,bbs,pos,0
2015/44,hisense,bolun,9,weibo,neg,0
2015/44,hisense,bolun,9,weibo,pos,0
2015/44,hisense,bolun,z,others,neg,0
2015/44,hisense,bolun,z,others,pos,0
2015/44,hisense,drum,0,wiki,neg,5
2015/44,hisense,drum,0,wiki,pos,0
2015/44,hisense,drum,1,news,neg,0
2015/44,hisense,drum,1,news,pos,21
2015/44,hisense,drum,2,blog,neg,0
2015/44,hisense,drum,2,blog,pos,0
2015/44,hisense,drum,5,community,neg,0
2015/44,hisense,drum,5,community,pos,0
2015/44,hisense,drum,7,bbs,neg,0
2015/44,hisense,drum,7,bbs,pos,0
2015/44,hisense,drum,9,weibo,neg,0
2015/44,hisense,drum,9,weibo,pos,0
2015/44,hisense,drum,z,others,neg,0
2015/44,hisense,drum,z,others,pos,0
2015/44,lg,bolun,0,wiki,neg,0
2015/44,lg,bolun,0,wiki,pos,0
2015/44,lg,bolun,1,news,neg,0
2015/44,lg,bolun,1,news,pos,0
2015/44,lg,bolun,2,blog,neg,0
2015/44,lg,bolun,2,blog,pos,0
2015/44,lg,bolun,5,community,neg,0
2015/44,lg,bolun,5,community,pos,0
2015/44,lg,bolun,7,bbs,neg,0
2015/44,lg,bolun,7,bbs,pos,0
2015/44,lg,bolun,9,weibo,neg,0
2015/44,lg,bolun,9,weibo,pos,0
2015/44,lg,bolun,z,others,neg,0
2015/44,lg,bolun,z,others,pos,0
2015/44,lg,drum,0,wiki,neg,0
2015/44,lg,drum,0,wiki,pos,15
2015/44,lg,drum,1,news,neg,7
2015/44,lg,drum,1,news,pos,0
2015/44,lg,drum,2,blog,neg,0
2015/44,lg,drum,2,blog,pos,0
2015/44,lg,drum,5,community,neg,0
2015/44,lg,drum,5,community,pos,0
2015/44,lg,drum,7,bbs,neg,1
2015/44,lg,drum,7,bbs,pos,4
2015/44,lg,drum,9,weibo,neg,0
2015/44,lg,drum,9,weibo,pos,0
2015/44,lg,drum,z,others,neg,0
2015/44,lg,drum,z,others,pos,0
2015/44,sanyo,bolun,0,wiki,neg,0
2015/44,sanyo,bolun,0,wiki,pos,0
2015/44,sanyo,bolun,1,news,neg,0
2015/44,sanyo,bolun,1,news,pos,0
2015/44,sanyo,bolun,2,blog,neg,0
2015/44,sanyo,bolun,2,blog,pos,0
2015/44,sanyo,bolun,5,community,neg,0
2015/44,sanyo,bolun,5,community,pos,0
2015/44,sanyo,bolun,7,bbs,neg,0
2015/44,sanyo,bolun,7,bbs,pos,0
2015/44,sanyo,bolun,9,weibo,neg,0
2015/44,sanyo,bolun,9,weibo,pos,0
2015/44,sanyo,bolun,z,others,neg,0
2015/44,sanyo,bolun,z,others,pos,0
2015/44,sanyo,drum,0,wiki,neg,18
2015/44,sanyo,drum,0,wiki,pos,0
2015/44,sanyo,drum,1,news,neg,0
2015/44,sanyo,drum,1,news,pos,1
2015/44,sanyo,drum,2,blog,neg,0
2015/44,sanyo,drum,2,blog,pos,0
2015/44,sanyo,drum,5,community,neg,0
2015/44,sanyo,drum,5,community,pos,0
2015/44,sanyo,drum,7,bbs,neg,0
2015/44,sanyo,drum,7,bbs,pos,0
2015/44,sanyo,drum,9,weibo,neg,0
2015/44,sanyo,drum,9,weibo,pos,0
2015/44,sanyo,drum,z,others,neg,0
2015/44,sanyo,drum,z,others,pos,0
2015/44,siemens,bolun,0,wiki,neg,0
2015/44,siemens,bolun,0,wiki,pos,0
2015/44,siemens,bolun,1,news,neg,0
2015/44,siemens,bolun,1,news,pos,0
2015/44,siemens,bolun,2,blog,neg,0
2015/44,siemens,bolun,2,blog,pos,0
2015/44,siemens,bolun,5,community,neg,0
2015/44,siemens,bolun,5,community,pos,0
2015/44,siemens,bolun,7,bbs,neg,0
2015/44,siemens,bolun,7,bbs,pos,0
2015/44,siemens,bolun,9,weibo,neg,0
2015/44,siemens,bolun,9,weibo,pos,0
2015/44,siemens,bolun,z,others,neg,0
2015/44,siemens,bolun,z,others,pos,0
2015/44,siemens,drum,0,wiki,neg,19
2015/44,siemens,drum,0,wiki,pos,0
2015/44,siemens,drum,1,news,neg,0
2015/44,siemens,drum,1,news,pos,22
2015/44,siemens,drum,2,blog,neg,0
2015/44,siemens,drum,2,blog,pos,0
2015/44,siemens,drum,5,community,neg,0
2015/44,siemens,drum,5,community,pos,0
2015/44,siemens,drum,7,bbs,neg,3
2015/44,siemens,drum,7,bbs,pos,0
2015/44,siemens,drum,9,weibo,neg,0
2015/44,siemens,drum,9,weibo,pos,0
2015/44,siemens,drum,z,others,neg,0
2015/44,siemens,drum,z,others,pos,0
